,1,2,3,4,5,6,7,8,9,10,11,12,13,14,15,16,17,18,19,20,21,22,23,24,25,26,27,28,29,30,31,32,33,34,35,36,37,38,39,40,41,42,43,44,45,46,47,48,49,50,51,52,53,54,55,56,57,58,59,60,61,62,63,64,65,66,67,68,69,70,71,72,73,74,75,76,77,78,79,80,81,82,83,84,85,86,87,88,89,90,91,92,93,94,95,96,97,98,99,100,101,102,103,104,105,106,107,108,109,110,111,112,113,114,115,116,117,118,119,120,121,122,123,124,125,126,127,128,129,130,131,132,133,134,135,136
1,18188,7642,4931,2631,2136,6965,479,6519,16001,2223,8838,222,5080,144,5197,2666,9627,2494,334,1275,322,91,7077,3663,16201,7477,473,1112,99,2688,176,2939,3514,6243,2844,12922,749,271,74,5683,1106,306,95,303,97,537,344,3142,16428,6256,167,3417,525,375,71,1946,6568,2675,2094,3733,1291,248,664,1993,1354,1944,5365,231,2137,8175,814,2705,2422,1017,336,430,492,161,558,1974,5330,1730,3881,942,211,1815,771,2011,11954,4735,3784,2846,239,106,355,1137,262,3047,320,350,782,181,880,1724,3148,717,2803,386,123,148,5224,2681,10086,10267,5303,5170,2315,4491,120,1114,659,574,724,550,304,124,135,436,5891,2289,5075,533,1078,6006,578,1199
2,7642,8469,3823,1424,1019,3764,239,2984,7741,960,4863,120,2923,74,2829,1111,4214,1655,225,737,192,49,3944,1915,7701,3635,244,701,51,1411,76,1328,1890,3197,1546,6374,298,174,45,2901,631,161,43,159,48,331,184,1387,7856,2938,92,1559,213,147,41,853,3982,1324,1193,1982,640,142,277,864,711,1045,3241,103,932,4522,394,1252,1003,596,185,296,276,106,167,959,3665,1110,2561,699,106,1196,392,1033,6520,2757,2218,1749,133,49,183,496,109,1551,166,205,467,99,399,806,1336,439,1344,244,79,87,2533,1269,4951,5684,3378,2416,1851,2431,72,564,381,330,410,271,165,53,72,191,3978,1459,3358,310,663,4887,354,591
3,4931,3823,5410,1096,642,2254,153,1920,4842,710,3316,98,1951,59,1819,733,2938,1037,150,607,131,32,2794,1246,4926,2358,148,441,42,997,54,736,933,2147,976,4174,147,131,29,1735,451,120,39,110,31,239,138,813,5066,2025,67,902,130,106,31,516,2407,812,877,1455,429,116,142,451,419,643,2245,56,677,3105,318,805,578,438,147,170,209,75,121,600,2410,900,2915,522,88,1192,273,600,4216,1673,1529,980,95,32,133,348,76,1243,139,165,350,80,273,492,914,339,881,206,59,56,1632,806,3474,3808,2562,1874,1317,1563,54,398,278,261,318,201,130,53,58,128,2601,1044,3637,254,419,2803,286,403
4,2631,1424,1096,2749,386,1221,74,983,2435,326,1717,64,1058,49,907,418,1607,395,73,1065,89,40,1328,570,2338,1006,107,251,31,1897,55,405,793,1000,538,2086,203,77,20,904,226,53,17,52,24,90,61,482,2472,1304,62,711,128,126,22,331,812,515,363,2269,147,74,75,217,305,328,1002,63,321,1490,143,420,588,273,91,106,82,41,168,318,848,421,828,272,51,409,153,268,1837,837,590,524,60,33,79,185,56,781,75,63,223,49,206,283,519,164,599,82,32,39,1160,414,1682,1830,1097,1012,544,717,31,227,108,122,140,113,78,31,33,68,947,570,1029,191,249,1121,125,188
5,2136,1019,642,386,2290,776,92,1355,2092,342,905,45,856,32,762,531,1175,396,133,214,40,21,679,617,2018,1131,104,109,21,333,52,525,300,629,179,1605,59,50,29,531,158,33,13,30,23,51,23,409,2133,1194,30,298,171,37,33,376,820,748,494,480,134,51,183,249,170,155,964,31,249,741,137,516,313,173,73,77,105,32,45,211,517,502,431,365,41,228,94,240,1230,521,417,281,46,23,47,201,29,642,34,37,164,41,230,292,448,109,642,52,22,22,954,388,1155,950,673,999,264,695,27,163,64,46,90,72,44,29,32,64,626,454,562,136,177,703,118,168
6,6965,3764,2254,1221,776,8180,211,2558,7329,867,4262,126,2921,85,2486,964,3479,1470,204,596,310,46,3585,2002,7385,3529,206,808,53,1309,58,1211,1847,3465,1127,6240,291,146,30,2630,477,146,47,189,41,354,271,1422,7762,2689,78,988,195,152,35,794,4090,1181,1168,1769,675,119,208,756,427,2109,2299,186,675,4105,145,919,1015,551,139,244,217,68,183,857,3023,796,1726,496,105,751,335,837,6004,3760,2189,2400,123,47,293,361,99,1262,258,167,418,80,329,724,1192,320,1033,177,67,86,2234,1096,3896,5269,2752,1613,1114,1875,57,534,232,348,640,364,104,48,59,169,3391,1331,2378,295,914,3259,205,474
7,479,239,153,74,92,211,549,249,474,153,249,22,185,18,228,67,277,93,16,43,15,8,216,116,507,269,19,36,9,65,15,72,59,200,68,407,13,20,9,137,56,28,9,23,14,37,25,104,525,158,11,56,12,9,9,52,186,70,81,85,89,24,63,45,29,55,167,7,122,239,32,63,33,33,12,16,29,12,17,57,152,61,123,35,18,54,66,61,298,113,118,70,23,5,12,51,13,94,15,25,32,13,59,49,119,38,88,17,9,14,102,75,231,273,105,162,61,134,17,24,34,22,31,26,33,14,19,12,169,60,137,26,37,167,17,23
8,6519,2984,1920,983,1355,2558,249,7370,6706,829,3344,86,2070,59,2230,1688,3270,1006,187,486,119,39,2689,2128,6474,3377,217,388,34,990,82,1756,1188,2467,902,5135,270,103,37,2599,356,88,26,95,37,153,76,1568,6544,2795,77,1365,280,142,37,1196,2432,1385,967,1419,456,108,342,1077,620,534,2452,69,908,3049,398,1631,892,395,152,172,170,60,214,970,1914,923,1437,568,88,744,275,1121,4535,1728,1403,970,86,41,132,690,77,1365,110,89,307,73,416,982,1092,242,1329,160,36,45,2337,1452,3631,3876,2099,2465,917,2164,48,644,175,180,231,172,105,42,48,271,2154,983,1938,235,410,2305,287,656
9,16001,7741,4842,2435,2092,7329,474,6706,18016,1738,8268,171,4882,122,4989,2479,8620,2610,333,1195,333,80,6801,3961,16041,7529,459,1108,80,2589,156,3031,3438,6136,2735,12658,734,250,67,5855,1004,266,81,288,81,490,330,3171,16244,5908,153,3389,509,342,66,2005,6737,2654,2117,3592,1229,236,662,2061,1347,2028,5524,218,2037,7851,750,2665,2307,952,311,406,428,154,530,1987,5542,1620,3706,950,185,1719,691,2061,12159,4914,3779,2949,212,92,344,1102,232,2840,301,298,732,162,819,1729,2768,650,2675,363,112,146,5030,2649,9356,10082,5357,4820,2336,4701,98,1147,575,548,694,487,257,104,108,432,6097,2202,4945,500,1067,6203,549,1183
10,2223,960,710,326,342,867,153,829,1738,2447,1102,56,656,55,840,314,1457,318,61,191,47,21,902,446,2283,1167,79,172,23,279,49,295,295,866,371,1809,72,63,21,563,273,91,24,83,23,175,76,447,2285,853,29,346,67,26,18,265,974,289,333,374,266,61,150,235,166,318,672,36,447,991,115,291,257,141,60,64,123,46,59,257,674,257,644,114,62,250,239,210,1494,534,600,298,60,23,67,175,65,472,70,108,129,36,199,236,690,176,437,59,34,33,621,323,1318,1191,523,732,242,519,41,116,180,85,146,117,90,39,45,75,727,252,727,84,154,707,65,126
11,8838,4863,3316,1717,905,4262,249,3344,8268,1102,9503,155,3236,107,3599,1468,5199,1547,150,867,218,58,6345,2010,8615,3986,259,839,60,1733,90,1440,2225,3848,1702,7126,361,177,35,3295,663,181,51,177,46,373,242,1592,8735,3283,114,1792,239,215,40,942,3973,1389,1129,2336,688,139,276,981,708,1209,3085,101,1058,7087,489,1533,1224,619,185,259,248,99,263,1060,3557,1027,2700,495,126,1298,452,1128,7283,3078,2454,1892,117,64,202,601,118,1697,202,215,471,103,417,959,1495,474,1461,290,65,87,2881,1529,5887,8231,3589,3321,1709,2484,71,659,378,428,465,313,176,59,80,231,3847,1382,3478,296,695,3977,389,739
12,222,120,98,64,45,126,22,86,171,56,155,243,125,23,93,36,174,68,21,59,17,15,134,26,223,111,17,44,15,56,18,25,42,134,47,184,14,20,11,43,63,31,9,32,13,42,24,26,219,113,14,36,14,12,15,16,112,56,52,78,43,20,21,18,33,53,99,12,44,134,26,24,35,48,16,23,35,20,13,15,88,77,99,33,24,48,53,23,145,88,82,60,24,8,19,16,17,97,22,26,40,18,36,14,80,53,64,15,14,13,82,21,166,145,87,102,56,50,18,11,32,20,40,35,35,15,22,6,94,61,103,24,34,101,16,13
13,5080,2923,1951,1058,856,2921,185,2070,4882,656,3236,125,5534,77,2292,815,2972,1135,197,589,168,45,2529,1328,4978,2652,178,528,37,1073,89,940,1215,2093,851,4194,253,142,32,1719,490,116,37,125,35,241,162,963,5093,2209,81,937,169,138,30,647,2428,1065,787,1472,479,108,199,606,473,958,2178,103,653,2843,253,899,825,508,161,203,202,66,180,578,2095,1026,1479,593,104,725,277,663,3907,2216,1431,1331,120,49,173,392,89,1346,170,145,394,89,330,589,1031,330,1075,162,61,62,1909,905,3260,3540,2125,1768,1018,1523,63,430,235,256,377,231,127,50,69,144,2279,1169,1976,296,605,2382,208,416
14,144,74,59,49,32,85,18,59,122,55,107,23,77,159,76,31,104,42,11,33,17,9,89,29,150,82,12,33,10,41,9,22,38,63,38,122,12,16,8,39,28,18,7,19,9,24,16,14,147,64,11,34,15,7,8,3,75,32,33,49,32,12,16,19,29,31,62,10,24,92,19,21,24,23,12,13,15,9,7,11,48,31,54,22,17,37,26,13,110,54,50,28,14,8,10,9,10,51,14,19,18,9,16,9,47,24,43,10,8,14,49,15,102,100,62,66,36,31,11,14,25,14,28,19,14,8,11,5,53,39,63,17,20,70,11,12
15,5197,2829,1819,907,762,2486,228,2230,4989,840,3599,93,2292,76,5603,1052,3007,1164,127,448,146,41,2810,1424,5075,2690,201,468,40,886,78,1046,1324,2181,888,4218,241,129,33,1985,383,109,30,118,30,200,137,1057,5118,2074,69,1093,182,136,39,712,2252,904,657,1225,489,92,200,691,470,764,2096,93,844,3176,308,1053,775,383,134,176,184,67,198,727,2089,645,1426,340,87,644,295,780,4229,1968,1462,1215,115,51,155,416,77,1058,140,156,321,69,314,666,987,306,1061,172,46,60,1873,1072,3424,3772,2048,1949,975,1828,57,456,201,238,290,183,103,38,52,156,2182,872,1861,214,469,2302,222,462
16,2666,1111,733,418,531,964,67,1688,2479,314,1468,36,815,31,1052,2933,1449,465,51,219,65,19,1085,1083,2508,1311,82,159,20,425,40,846,564,830,357,1909,164,57,12,1176,155,26,7,39,11,55,34,739,2529,1118,36,651,125,85,14,556,906,584,289,596,201,35,89,538,350,247,1069,46,373,1296,145,978,467,243,88,74,82,21,104,496,752,384,557,268,35,316,87,575,1959,823,564,484,37,27,71,400,34,573,59,34,178,40,148,503,452,116,570,71,14,20,1084,766,1644,1622,1022,1214,440,1017,17,376,63,87,123,88,30,8,18,148,854,478,774,138,204,918,131,388
17,9627,4214,2938,1607,1175,3479,277,3270,8620,1457,5199,174,2972,104,3007,1449,10051,1289,218,990,194,74,4498,1636,9064,4135,307,671,67,1613,132,1532,1999,3568,1729,7251,488,219,59,2972,928,256,78,246,75,457,260,1814,9062,3896,121,1986,324,250,58,1013,3853,1549,1204,2230,869,168,335,1044,913,1204,3235,172,1413,4861,538,1523,1582,751,248,309,384,122,381,1087,3263,1198,2645,581,158,1231,640,1064,6792,2571,2323,1578,186,80,222,635,207,2196,220,303,595,134,669,984,2293,570,1884,275,92,104,3398,1502,7137,5891,3280,3317,1551,2569,108,605,572,422,549,421,259,92,122,248,3527,1553,3310,378,743,3471,388,712
18,2494,1655,1037,395,396,1470,93,1006,2610,318,1547,68,1135,42,1164,465,1289,2783,124,214,135,39,1244,609,2528,1326,124,311,31,422,49,523,628,1028,405,2048,106,79,22,945,217,78,25,71,22,117,80,504,2619,1043,36,425,122,63,25,329,1419,498,397,648,302,67,84,296,231,513,1221,70,317,1521,181,489,374,252,81,138,117,49,64,318,1317,430,705,293,57,362,149,415,2277,1228,799,771,71,32,122,162,51,560,100,89,195,47,143,282,395,182,545,104,35,44,982,443,1760,1921,1315,961,681,1004,41,196,106,153,186,127,71,30,44,60,1416,683,1083,154,338,1433,184,240
19,334,225,150,73,133,204,16,187,333,61,150,21,197,11,127,51,218,124,374,69,28,17,118,88,321,169,55,44,15,89,16,82,59,160,63,296,18,18,13,78,47,21,25,21,15,20,22,60,347,219,24,47,32,22,18,42,185,119,111,133,45,29,21,30,51,77,202,18,44,131,29,57,73,76,31,34,33,13,14,28,155,107,104,97,19,57,34,39,218,144,93,85,20,14,22,26,17,153,35,25,64,17,52,49,90,23,129,21,15,14,175,45,204,175,168,132,74,113,14,35,26,19,50,27,21,18,15,5,171,149,150,56,60,171,26,28
20,1275,737,607,1065,214,596,43,486,1195,191,867,59,589,33,448,219,990,214,69,1375,67,24,796,246,1170,505,59,155,23,1020,30,200,365,541,273,1070,103,56,17,395,165,44,23,48,23,76,48,237,1260,732,42,337,72,68,21,166,461,316,219,1159,93,59,53,103,189,193,563,40,177,777,82,220,341,200,73,74,67,24,67,164,474,314,509,192,33,272,110,126,928,434,342,286,45,20,61,86,29,527,66,55,159,47,159,147,332,118,403,46,24,28,634,209,910,944,589,593,306,349,26,131,84,76,105,83,55,24,30,28,527,378,621,140,181,647,82,88
21,322,192,131,89,40,310,15,119,333,47,218,17,168,17,146,65,194,135,28,67,374,15,202,85,334,184,25,73,16,87,14,71,128,89,78,293,33,21,7,129,49,17,9,22,10,22,28,76,348,159,13,80,15,26,9,58,232,74,53,102,68,11,14,43,52,173,136,36,37,231,19,41,101,92,31,49,27,9,17,40,178,66,97,51,14,47,30,45,297,251,130,192,20,13,117,18,12,81,87,24,58,16,22,39,102,29,73,21,12,14,154,55,246,259,206,95,107,107,11,36,25,44,72,34,14,10,13,17,179,126,148,53,107,206,23,26
22,91,49,32,40,21,46,8,39,80,21,58,15,45,9,41,19,74,39,17,24,15,96,43,19,76,51,10,21,12,38,18,19,37,35,28,64,16,19,11,19,21,11,7,14,12,19,14,16,83,57,10,33,14,14,9,9,49,33,20,45,18,14,17,7,22,29,45,13,19,48,15,18,36,40,21,23,18,11,13,7,37,31,30,27,12,16,19,5,67,45,30,40,17,10,12,4,10,36,15,16,31,13,18,12,33,22,33,15,10,11,55,10,75,64,55,42,30,33,13,4,22,22,17,21,13,9,12,1,39,42,39,29,20,42,12,7
23,7077,3944,2794,1328,679,3585,216,2689,6801,902,6345,134,2529,89,2810,1085,4498,1244,118,796,202,43,7808,1585,7150,3241,216,674,46,1362,80,1103,1656,3323,1402,5922,283,148,45,2680,578,155,39,175,47,381,211,1383,7247,2657,83,1362,189,168,32,730,3404,1048,967,1827,602,120,201,798,570,1101,2561,77,911,6299,423,1218,944,483,152,224,236,76,207,936,3115,872,2409,387,122,1124,420,951,6175,2559,2168,1569,107,49,195,532,111,1472,194,210,382,84,377,842,1257,420,1213,261,62,71,2299,1278,4948,7168,3105,2781,1441,2005,62,513,338,375,447,279,168,56,75,213,3352,1117,3088,228,613,3444,333,597
24,3663,1915,1246,570,617,2002,116,2128,3961,446,2010,26,1328,29,1424,1083,1636,609,88,246,85,19,1585,4275,3752,1904,121,302,24,657,48,1096,875,1302,538,3030,159,59,16,1709,181,38,18,51,15,82,65,1091,3909,1477,44,726,151,79,16,702,1656,799,562,900,312,51,132,646,333,577,1499,78,463,1964,197,1177,537,287,101,112,87,31,121,685,1347,504,864,348,34,444,126,801,3053,1494,949,898,48,29,107,434,44,726,93,40,210,50,178,645,558,139,720,98,23,32,1498,1004,2203,2556,1526,1437,697,1410,21,512,87,152,180,114,43,17,16,180,1533,778,1237,172,333,1667,155,506
25,16201,7701,4926,2338,2018,7385,507,6474,16041,2283,8615,223,4978,150,5075,2508,9064,2528,321,1170,334,76,7150,3752,18319,7803,422,1150,96,2375,149,2237,3222,6456,2800,13190,575,256,70,5592,1151,329,94,329,93,609,375,3107,16837,5923,139,3083,432,308,71,1809,7035,2476,2183,3399,1252,237,694,1866,1279,2118,5272,196,2168,8191,786,2557,2057,925,295,412,508,177,457,1972,5657,1696,4002,882,216,1798,820,2002,12211,4812,3948,2873,237,90,360,1115,259,2948,327,384,732,160,872,1696,3151,717,2658,402,128,143,4821,2590,9563,10247,5158,4922,2275,4443,115,1064,710,568,806,538,311,122,132,429,6225,2107,5215,477,1094,6222,560,1114
26,7477,3635,2358,1006,1131,3529,269,3377,7529,1167,3986,111,2652,82,2690,1311,4135,1326,169,505,184,51,3241,1904,7803,8238,180,606,54,1014,96,1115,1561,2868,1258,6157,351,162,44,2596,555,156,38,165,45,292,187,1491,7547,3204,77,1527,204,171,37,1008,3117,1291,1154,1442,613,131,330,969,672,1092,2847,118,1145,3596,348,1254,1140,516,175,213,257,76,278,929,2540,977,1840,526,119,804,386,970,5454,2477,1874,1485,136,60,200,576,105,1526,165,162,409,85,459,850,1478,385,1415,174,60,73,2443,1313,4386,4510,2498,2321,1127,2484,77,571,289,245,393,277,144,58,77,234,2826,1171,2385,263,606,2883,268,616
27,473,244,148,107,104,206,19,217,459,79,259,17,178,12,201,82,307,124,55,59,25,10,216,121,422,180,506,42,15,99,26,114,127,210,83,374,38,31,15,173,48,22,26,27,15,21,16,115,466,237,25,102,62,28,15,76,209,113,106,139,77,26,20,60,59,62,209,18,69,253,42,101,91,59,30,29,35,11,24,61,168,74,112,51,21,56,46,59,351,156,118,111,18,9,18,31,14,154,24,20,51,21,50,64,82,40,155,20,15,10,252,80,319,318,189,205,89,186,13,44,32,26,29,31,15,9,11,12,181,104,146,32,45,192,41,34
28,1112,701,441,251,109,808,36,388,1108,172,839,44,528,33,468,159,671,311,44,155,73,21,674,302,1150,606,42,1236,23,284,28,123,367,410,276,1010,70,48,12,466,116,41,16,40,16,64,73,217,1175,490,20,209,41,39,16,111,682,218,181,347,133,37,37,148,141,304,416,50,102,783,42,156,189,144,37,71,33,24,35,136,526,155,386,96,31,156,56,130,993,604,376,420,35,17,66,71,18,231,63,42,120,21,60,119,208,81,187,56,24,26,419,188,767,947,547,326,305,315,24,96,59,91,109,72,28,23,17,29,592,317,487,73,177,625,46,75
29,99,51,42,31,21,53,9,34,80,23,60,15,37,10,40,20,67,31,15,23,16,12,46,24,96,54,15,23,109,32,19,11,30,39,23,76,15,17,9,25,30,20,10,12,11,17,14,14,94,50,13,28,9,13,14,12,52,29,30,37,27,15,9,15,28,26,42,12,27,48,9,17,34,24,13,17,19,8,9,9,36,22,39,19,11,18,24,12,74,39,34,30,15,9,17,8,10,46,13,15,22,8,21,7,32,17,23,8,13,8,46,20,70,54,40,39,25,35,13,7,17,12,19,16,11,8,7,2,35,28,42,16,21,41,10,8
30,2688,1411,997,1897,333,1309,65,990,2589,279,1733,56,1073,41,886,425,1613,422,89,1020,87,38,1362,657,2375,1014,99,284,32,2870,38,419,885,1013,562,2171,237,84,20,989,210,58,21,52,24,97,72,495,2594,1326,58,725,124,134,17,347,762,474,336,2616,143,68,67,189,309,372,1013,78,293,1559,123,421,629,308,96,113,98,35,160,317,920,437,802,283,51,429,129,295,1955,950,599,601,62,32,91,172,49,754,90,65,248,61,178,306,470,140,612,90,30,45,1204,421,1724,1959,1184,977,550,735,27,234,104,134,151,117,65,27,32,57,1033,622,1010,180,257,1186,121,203
31,176,76,54,55,52,58,15,82,156,49,90,18,89,9,78,40,132,49,16,30,14,18,80,48,149,96,26,28,19,38,191,37,52,59,31,131,33,23,16,44,45,20,10,26,12,28,16,35,158,118,19,48,22,25,21,35,66,59,34,48,28,17,26,22,45,36,85,15,41,83,23,39,76,61,36,19,30,10,25,20,42,57,41,39,15,17,27,10,97,63,38,47,18,16,21,24,20,92,20,18,40,26,34,26,63,37,72,11,15,11,113,35,127,100,82,87,35,57,15,25,25,23,33,29,19,10,17,7,54,65,55,34,36,53,17,14
32,2939,1328,736,405,525,1211,72,1756,3031,295,1440,25,940,22,1046,846,1532,523,82,200,71,19,1103,1096,2237,1115,114,123,11,419,37,3271,850,836,527,2068,247,44,10,1509,97,28,13,28,10,35,31,897,2628,1200,49,1012,237,98,11,825,969,785,287,602,421,39,150,772,377,309,1096,63,380,1294,133,845,666,204,84,85,63,22,181,565,786,342,486,224,25,260,74,605,2120,937,564,565,42,21,79,327,38,552,63,22,160,40,163,530,431,85,639,56,13,26,1180,733,1744,1754,1046,1006,473,1075,18,328,46,94,98,90,31,12,15,149,890,497,721,125,222,1040,99,365
33,3514,1890,933,793,300,1847,59,1188,3438,295,2225,42,1215,38,1324,564,1999,628,59,365,128,37,1656,875,3222,1561,127,367,30,885,52,850,3793,1277,807,2902,365,132,28,1405,287,72,22,72,27,115,72,732,3310,1474,72,1275,139,173,20,558,1395,776,366,1130,317,44,132,590,407,604,1248,156,442,1975,191,571,1177,384,117,229,123,42,250,519,1279,306,696,185,43,375,132,453,2913,1585,851,1150,80,37,121,166,75,674,123,71,300,71,160,394,649,158,670,80,37,47,1426,553,2337,2550,1448,961,612,1067,24,270,151,199,174,161,53,21,22,94,1418,691,1003,150,415,1523,131,293
34,6243,3197,2147,1000,629,3465,200,2467,6136,866,3848,134,2093,63,2181,830,3568,1028,160,541,89,35,3323,1302,6456,2868,210,410,39,1013,59,836,1277,6992,784,5432,82,104,28,1993,569,163,46,179,47,361,184,1101,6805,2323,51,509,187,55,34,538,3100,813,1174,1428,505,125,277,529,215,1003,2040,48,835,3812,414,938,476,359,104,149,250,74,83,727,2625,764,1881,296,118,937,442,770,4941,1933,1933,1144,103,34,131,397,106,1266,161,203,264,64,352,606,1069,351,1013,200,53,66,1853,1016,3788,4501,2016,2136,868,1707,61,379,307,245,412,240,167,65,75,151,2790,762,2258,180,415,2484,290,424
35,2844,1546,976,538,179,1127,68,902,2735,371,1702,47,851,38,888,357,1729,405,63,273,78,28,1402,538,2800,1258,83,276,23,562,31,527,807,784,3098,2354,281,82,26,886,288,99,36,72,33,153,74,512,2634,976,53,1409,56,121,22,288,1107,373,327,759,308,52,113,468,536,396,943,67,410,1544,111,320,728,218,79,90,110,44,171,399,1027,196,790,96,41,301,200,314,2356,907,758,581,80,26,83,153,85,444,97,115,167,51,170,275,715,185,473,86,39,47,791,358,1925,1934,1063,654,557,813,31,176,206,126,144,145,83,27,34,57,1131,331,1037,83,219,1287,74,180
36,12922,6374,4174,2086,1605,6240,407,5135,12658,1809,7126,184,4194,122,4218,1909,7251,2048,296,1070,293,64,5922,3030,13190,6157,374,1010,76,2171,131,2068,2902,5432,2354,14386,379,213,62,4497,923,265,83,282,84,495,343,2555,13771,5172,118,2102,374,232,60,1355,5785,2102,1795,3029,1066,204,595,1348,718,1869,4413,150,1802,6715,646,2014,1632,819,254,361,411,155,349,1599,4655,1435,3394,779,180,1534,679,1587,9746,4070,3228,2481,201,79,318,855,203,2590,286,293,634,147,766,1391,2544,614,2243,338,107,132,4074,2094,7697,8395,4319,3864,1966,3593,92,902,558,475,675,470,264,100,118,340,5134,1879,4396,444,957,5207,488,922
37,749,298,147,203,59,291,13,270,734,72,361,14,253,12,241,164,488,106,18,103,33,16,283,159,575,351,38,70,15,237,33,247,365,82,281,379,802,54,16,267,75,22,12,25,13,23,18,194,467,335,54,582,30,105,11,165,161,200,53,284,87,20,23,213,291,115,257,61,109,314,20,134,563,134,73,38,32,18,191,113,194,54,108,54,16,58,33,68,534,292,133,202,34,16,41,61,37,193,28,28,120,42,60,83,161,45,187,15,15,20,416,129,540,451,333,180,119,249,16,64,34,48,33,42,21,10,18,24,198,152,174,51,81,243,18,56
38,271,174,131,77,50,146,20,103,250,63,177,20,142,16,129,57,219,79,18,56,21,19,148,59,256,162,31,48,17,84,23,44,132,104,82,213,54,303,17,59,98,29,11,32,23,55,29,66,258,159,17,98,23,29,13,61,139,73,61,94,53,21,23,41,75,69,129,33,69,168,28,49,108,85,43,37,47,18,28,39,118,81,124,54,25,60,59,29,211,138,109,114,36,17,26,20,17,126,28,37,73,26,50,32,98,63,112,14,17,21,145,46,215,189,130,115,71,116,17,28,43,37,52,38,32,13,25,9,119,101,141,55,61,138,19,21
39,74,45,29,20,29,30,9,37,67,21,35,11,32,8,33,12,59,22,13,17,7,11,45,16,70,44,15,12,9,20,16,10,28,28,26,62,16,17,85,17,23,13,11,20,12,18,15,14,79,48,10,19,16,9,12,13,39,29,21,26,21,13,12,7,18,18,40,12,24,38,11,14,28,18,15,17,15,10,13,11,31,26,30,14,14,19,22,10,49,28,28,24,14,6,15,12,10,35,11,16,22,10,23,13,30,20,31,9,9,12,40,13,55,40,32,32,21,32,10,6,17,9,15,13,13,8,10,6,34,30,35,15,13,35,11,6
40,5683,2901,1735,904,531,2630,137,2599,5855,563,3295,43,1719,39,1985,1176,2972,945,78,395,129,19,2680,1709,5592,2596,173,466,25,989,44,1509,1405,1993,886,4497,267,59,17,6367,251,69,18,71,22,132,110,1471,5563,1974,56,1573,203,135,21,1007,2441,933,655,1322,418,59,191,1062,568,729,1855,75,728,3174,359,1241,901,294,106,118,111,44,242,1043,2003,416,1306,221,55,646,211,996,4785,1952,1437,1187,58,33,129,515,64,798,99,67,229,56,230,797,865,175,885,129,37,35,1857,1270,3501,3986,2110,1683,960,1847,34,586,129,221,233,143,63,21,30,219,2225,758,1828,137,385,2424,225,604
41,1106,631,451,226,158,477,56,356,1004,273,663,63,490,28,383,155,928,217,47,165,49,21,578,181,1151,555,48,116,30,210,45,97,287,569,288,923,75,98,23,251,1237,70,18,75,27,119,65,69,1153,503,41,224,30,40,21,96,636,216,243,313,213,50,59,87,173,236,499,43,274,641,91,130,352,241,86,84,178,50,55,144,548,275,507,132,57,195,206,86,892,390,380,226,81,33,65,73,99,486,79,156,190,50,150,104,482,204,354,48,50,49,453,129,870,715,402,457,199,269,47,57,301,74,204,167,114,36,60,38,591,267,543,100,166,492,49,42
42,306,161,120,53,33,146,28,88,266,91,181,31,116,18,109,26,256,78,21,44,17,11,155,38,329,156,22,41,20,58,20,28,72,163,99,265,22,29,13,69,70,350,19,51,15,57,33,27,327,129,16,62,15,19,15,17,201,47,75,71,82,29,20,19,64,89,124,23,87,183,26,29,84,85,33,36,70,26,21,28,159,73,146,26,27,65,82,16,263,109,123,64,41,14,27,22,50,144,39,51,66,23,45,24,148,70,85,22,24,30,112,30,244,209,115,119,69,68,22,9,109,43,66,64,45,24,28,4,172,72,162,40,45,131,20,11
43,95,43,39,17,13,47,9,26,81,24,51,9,37,7,30,7,78,25,25,23,9,7,39,18,94,38,26,16,10,21,10,13,22,46,36,83,12,11,11,18,18,19,108,21,10,13,13,8,94,47,17,25,8,10,11,4,49,23,29,34,19,9,18,6,21,28,40,15,24,51,15,7,37,21,20,17,14,9,13,6,47,20,44,11,10,21,24,5,68,39,46,25,8,7,13,6,10,30,25,17,16,12,22,5,39,18,39,11,9,13,43,9,71,53,37,32,18,24,13,4,23,11,28,15,12,10,11,0,43,30,49,16,21,35,10,0
44,303,159,110,52,30,189,23,95,288,83,177,32,125,19,118,39,246,71,21,48,22,14,175,51,329,165,27,40,12,52,26,28,72,179,72,282,25,32,20,71,75,51,21,363,16,84,53,22,344,132,17,50,21,18,14,22,197,43,83,67,90,30,24,18,52,130,120,24,74,191,25,19,66,74,26,37,71,23,22,27,165,67,123,25,31,65,88,17,259,131,136,85,34,12,29,17,31,122,43,66,52,23,52,18,149,80,92,20,30,27,105,24,228,216,93,103,53,74,18,11,78,38,88,73,43,19,30,8,163,62,130,34,58,140,18,9
45,97,48,31,24,23,41,14,37,81,23,46,13,35,9,30,11,75,22,15,23,10,12,47,15,93,45,15,16,11,24,12,10,27,47,33,84,13,23,12,22,27,15,10,16,108,19,12,7,99,51,9,26,17,9,12,5,55,26,37,32,32,15,14,9,29,33,51,13,31,52,19,7,34,30,18,15,20,17,13,5,48,27,38,16,14,24,34,5,72,35,39,25,17,12,7,6,19,54,14,22,25,10,29,5,50,22,39,9,12,12,47,8,72,52,31,47,21,29,10,4,33,16,25,19,26,13,17,4,53,35,44,15,24,45,14,3
46,537,331,239,90,51,354,37,153,490,175,373,42,241,24,200,55,457,117,20,76,22,19,381,82,609,292,21,64,17,97,28,35,115,361,153,495,23,55,18,132,119,57,13,84,19,650,107,20,621,191,16,77,14,12,23,33,389,58,137,124,149,43,34,33,65,210,219,22,148,389,37,40,89,110,36,50,128,31,22,65,318,126,296,42,50,144,155,28,520,244,275,155,61,18,39,27,51,213,54,118,92,23,67,36,259,153,136,31,31,28,164,57,419,441,204,193,110,134,37,19,144,64,148,104,83,26,36,16,352,90,324,42,85,297,22,21
47,344,184,138,61,23,271,25,76,330,76,242,24,162,16,137,34,260,80,22,48,28,14,211,65,375,187,16,73,14,72,16,31,72,184,74,343,18,29,15,110,65,33,13,53,12,107,407,24,395,143,15,36,14,12,17,18,271,41,66,85,81,20,22,22,46,173,116,19,69,236,25,25,51,68,20,24,72,16,23,40,206,72,152,17,26,83,72,21,320,204,159,138,30,10,31,17,26,118,30,66,50,17,41,17,150,62,72,24,19,20,108,44,246,287,140,109,73,90,23,15,67,34,93,65,48,17,24,8,220,60,172,22,76,178,17,10
48,3142,1387,813,482,409,1422,104,1568,3171,447,1592,26,963,14,1057,739,1814,504,60,237,76,16,1383,1091,3107,1491,115,217,14,495,35,897,732,1101,512,2555,194,66,14,1471,69,27,8,22,7,20,24,3540,3119,1335,32,772,131,98,12,623,1264,579,398,677,271,43,137,683,333,408,1080,62,473,1574,156,923,600,229,80,84,73,30,139,949,991,322,672,182,45,283,154,705,2420,1033,769,645,45,27,89,400,45,642,72,35,193,38,208,772,553,133,608,79,16,28,1170,907,1899,2000,1090,996,434,1059,11,351,118,110,150,127,49,21,18,206,1092,469,908,94,244,1184,87,384
49,16428,7856,5066,2472,2133,7762,525,6544,16244,2285,8735,219,5093,147,5118,2529,9062,2619,347,1260,348,83,7247,3909,16837,7547,466,1175,94,2594,158,2628,3310,6805,2634,13771,467,258,79,5563,1153,327,94,344,99,621,395,3119,18571,6258,145,2372,505,254,76,1686,7334,2549,2253,3646,1339,249,702,1615,885,2228,5346,206,2175,8381,797,2656,1891,973,299,432,520,184,354,1915,5744,1747,4084,923,221,1849,830,2041,12342,4975,4042,3019,244,90,372,1112,256,3026,346,374,761,170,893,1711,3132,729,2735,417,133,156,4963,2674,9600,10477,5326,5127,2337,4474,114,1106,700,582,823,573,326,124,139,426,6343,2265,5326,516,1132,6327,570,1133
50,6256,2938,2025,1304,1194,2689,158,2795,5908,853,3283,113,2209,64,2074,1118,3896,1043,219,732,159,57,2657,1477,5923,3204,237,490,50,1326,118,1200,1474,2323,976,5172,335,159,48,1974,503,129,47,132,51,191,143,1335,6258,6636,110,1137,270,237,56,766,2543,1474,1059,1811,547,140,212,627,543,847,2424,151,897,3036,359,1164,1248,612,213,244,236,87,281,736,1924,1056,1610,631,110,796,347,708,4258,2026,1513,1263,139,66,202,435,102,1879,180,141,487,111,615,768,1355,357,1650,144,67,86,2880,1142,4128,3810,2328,2467,1020,1919,62,482,252,269,370,246,137,65,83,168,2171,1323,2072,348,612,2339,272,505
51,167,92,67,62,30,78,11,77,153,29,114,14,81,11,69,36,121,36,24,42,13,10,83,44,139,77,25,20,13,58,19,49,72,51,53,118,54,17,10,56,41,16,17,17,9,16,15,32,145,110,186,87,20,32,12,34,58,61,37,79,30,12,16,39,53,41,80,17,37,105,15,34,110,50,38,19,23,8,28,26,71,45,59,30,13,35,22,18,125,85,49,64,18,14,17,13,19,80,25,16,38,15,30,16,50,25,72,15,10,10,116,30,128,129,102,80,54,65,14,19,25,27,29,21,13,9,13,6,77,61,68,38,31,76,9,9
52,3417,1559,902,711,298,988,56,1365,3389,346,1792,36,937,34,1093,651,1986,425,47,337,80,33,1362,726,3083,1527,102,209,28,725,48,1012,1275,509,1409,2102,582,98,19,1573,224,62,25,50,26,77,36,772,2372,1137,87,3753,82,278,16,550,760,624,251,949,313,43,186,1112,1090,303,1170,118,465,1545,201,546,1374,299,131,101,101,39,405,608,921,229,636,187,36,296,142,433,2688,941,635,600,79,28,93,241,71,618,84,73,257,67,197,404,767,137,673,73,30,44,1229,492,2284,2078,1281,751,615,1062,30,278,126,140,111,132,62,21,26,97,1040,444,960,109,238,1278,93,316
53,525,213,130,128,171,195,12,280,509,67,239,14,169,15,182,125,324,122,32,72,15,14,189,151,432,204,62,41,9,124,22,237,139,187,56,374,30,23,16,203,30,15,8,21,17,14,14,131,505,270,20,82,554,15,14,125,201,160,75,158,116,16,28,75,30,60,180,15,68,219,32,161,107,48,21,17,25,12,26,53,119,75,80,56,17,56,30,49,357,133,107,94,13,11,12,30,11,153,18,18,33,15,59,81,90,34,190,25,11,13,323,111,316,283,178,309,74,194,10,58,23,23,28,29,11,10,14,11,132,98,127,35,40,137,24,34
54,375,147,106,126,37,152,9,142,342,26,215,12,138,7,136,85,250,63,22,68,26,14,168,79,308,171,28,39,13,134,25,98,173,55,121,232,105,29,9,135,40,19,10,18,9,12,12,98,254,237,32,278,15,395,14,57,82,95,30,165,49,13,17,102,139,63,156,38,56,192,21,74,244,117,41,28,16,7,77,55,93,57,85,52,15,49,19,41,276,166,67,114,27,23,34,36,17,129,28,15,97,24,34,50,97,36,124,19,8,17,241,67,293,262,190,120,81,117,12,39,24,46,31,36,13,12,12,11,112,127,116,56,51,131,17,48
55,71,41,31,22,33,35,9,37,66,18,40,15,30,8,39,14,58,25,18,21,9,9,32,16,71,37,15,16,14,17,21,11,20,34,22,60,11,13,12,21,21,15,11,14,12,23,17,12,76,56,12,16,14,14,85,10,44,31,28,20,16,17,13,4,22,20,40,13,23,42,14,11,28,26,10,14,19,10,14,7,24,22,31,18,16,20,24,3,54,29,26,20,12,9,11,7,15,40,9,22,26,11,22,9,35,27,32,13,14,12,45,12,55,40,35,41,18,27,16,8,23,14,19,19,15,12,13,4,30,24,38,19,13,32,10,5
56,1946,853,516,331,376,794,52,1196,2005,265,942,16,647,3,712,556,1013,329,42,166,58,9,730,702,1809,1008,76,111,12,347,35,825,558,538,288,1355,165,61,13,1007,96,17,4,22,5,33,18,623,1686,766,34,550,125,57,10,2186,596,476,184,447,191,30,114,448,186,197,714,44,272,817,68,598,450,149,81,59,34,17,106,392,508,218,329,158,24,169,61,374,1328,651,370,422,32,16,52,250,28,378,41,18,109,41,140,377,351,56,457,45,11,14,794,544,1125,1094,694,684,289,699,13,226,41,69,73,50,27,7,9,98,578,324,525,65,174,685,75,240
57,6568,3982,2407,812,820,4090,186,2432,6737,974,3973,112,2428,75,2252,906,3853,1419,185,461,232,49,3404,1656,7035,3117,209,682,52,762,66,969,1395,3100,1107,5785,161,139,39,2441,636,201,49,197,55,389,271,1264,7334,2543,58,760,201,82,44,596,7540,872,861,1183,469,118,146,325,411,1392,2494,103,812,3962,357,943,769,512,146,226,293,108,111,781,3081,863,1994,457,119,896,444,862,5800,2668,2171,1653,141,40,220,412,157,1368,190,238,400,89,432,668,1356,427,1128,212,72,88,2071,1084,4284,4899,2561,2053,1271,1909,70,433,421,283,532,327,188,71,85,183,3375,1157,2596,245,674,3233,284,453
58,2675,1324,812,515,748,1181,70,1385,2654,289,1389,56,1065,32,904,584,1549,498,119,316,74,33,1048,799,2476,1291,113,218,29,474,59,785,776,813,373,2102,200,73,29,933,216,47,23,43,26,58,41,579,2549,1474,61,624,160,95,31,476,872,2872,350,725,127,63,131,231,313,346,1185,66,336,1209,149,593,635,288,151,129,108,29,117,291,820,564,600,417,49,338,102,295,1791,903,523,573,57,32,80,184,50,827,72,55,227,75,210,329,530,137,749,68,26,35,1223,448,1624,1574,1041,1133,416,851,38,217,94,110,145,108,53,28,30,62,941,647,826,186,280,1017,137,207
59,2094,1193,877,363,494,1168,81,967,2117,333,1129,52,787,33,657,289,1204,397,111,219,53,20,967,562,2183,1154,106,181,30,336,34,287,366,1174,327,1795,53,61,21,655,243,75,29,83,37,137,66,398,2253,1059,37,251,75,30,28,184,861,350,2342,488,155,89,63,105,175,341,913,39,294,1102,140,286,257,192,74,95,141,36,54,249,874,399,725,270,56,304,178,245,1549,697,599,396,58,21,62,122,52,573,66,101,175,45,215,232,447,173,501,63,41,43,784,342,1229,1350,735,730,337,595,37,117,150,76,168,108,75,40,45,57,961,406,860,115,213,955,89,124
60,3733,1982,1455,2269,480,1769,85,1419,3592,374,2336,78,1472,49,1225,596,2230,648,133,1159,102,45,1827,900,3399,1442,139,347,37,2616,48,602,1130,1428,759,3029,284,94,26,1322,313,71,34,67,32,124,85,677,3646,1811,79,949,158,165,20,447,1183,725,488,3992,182,78,88,261,410,509,1457,96,437,2143,182,616,830,431,155,167,134,45,201,451,1344,586,1151,407,67,598,182,436,2760,1306,848,823,79,35,123,238,69,1069,116,80,333,80,248,404,664,191,847,113,43,48,1635,604,2446,2702,1697,1363,805,1072,39,308,154,190,225,155,86,32,42,78,1499,897,1513,267,352,1689,181,294
61,1291,640,429,147,134,675,89,456,1229,266,688,43,479,32,489,201,869,302,45,93,68,18,602,312,1252,613,77,133,27,143,28,421,317,505,308,1066,87,53,21,418,213,82,19,90,32,149,81,271,1339,547,30,313,116,49,16,191,469,127,155,182,1474,49,42,96,173,272,450,53,332,691,80,198,243,151,46,72,123,38,80,173,519,153,382,61,60,157,177,136,1064,488,401,313,77,26,70,81,54,336,64,115,129,30,135,117,412,159,321,43,33,39,497,184,939,843,473,426,238,388,34,72,152,86,133,113,97,26,43,44,558,230,509,69,167,548,40,92
62,248,142,116,74,51,119,24,108,236,61,139,20,108,12,92,35,168,67,29,59,11,14,120,51,237,131,26,37,15,68,17,39,44,125,52,204,20,21,13,59,50,29,9,30,15,43,20,43,249,140,12,43,16,13,17,30,118,63,89,78,49,272,18,22,36,53,123,20,41,127,28,33,52,47,21,25,32,15,21,22,107,64,96,42,22,57,49,19,168,80,89,56,24,11,16,20,16,115,15,29,38,17,57,30,82,46,94,17,15,12,137,23,180,153,88,111,57,82,19,18,36,19,28,27,23,14,12,6,113,82,114,36,34,116,23,10
63,664,277,142,75,183,208,63,342,662,150,276,21,199,16,200,89,335,84,21,53,14,17,201,132,694,330,20,37,9,67,26,150,132,277,113,595,23,23,12,191,59,20,18,24,14,34,22,137,702,212,16,186,28,17,13,114,146,131,63,88,42,18,754,43,54,55,166,19,90,209,35,81,85,39,32,25,29,18,24,60,120,77,95,59,21,39,49,40,329,114,96,69,20,9,15,53,14,119,20,33,33,33,69,60,176,34,157,12,12,14,157,53,238,275,112,160,62,135,17,31,28,18,35,29,30,12,17,6,133,69,131,22,45,171,27,22
64,1993,864,451,217,249,756,45,1077,2061,235,981,18,606,19,691,538,1044,296,30,103,43,7,798,646,1866,969,60,148,15,189,22,772,590,529,468,1348,213,41,7,1062,87,19,6,18,9,33,22,683,1615,627,39,1112,75,102,4,448,325,231,105,261,96,22,43,2268,401,193,659,41,291,908,101,545,536,130,55,39,41,21,153,532,540,172,314,108,14,151,67,461,1553,620,380,375,23,17,50,265,27,323,49,13,113,29,99,409,353,71,350,37,5,10,672,520,1201,1201,700,538,314,676,9,247,34,82,63,51,19,9,15,119,617,247,505,55,129,739,59,275
65,1354,711,419,305,170,427,29,620,1347,166,708,33,473,29,470,350,913,231,51,189,52,22,570,333,1279,672,59,141,28,309,45,377,407,215,536,718,291,75,18,568,173,64,21,52,29,65,46,333,885,543,53,1090,30,139,22,186,411,313,175,410,173,36,54,401,1549,210,548,124,181,650,79,197,630,270,121,108,100,25,177,192,459,226,341,198,43,144,82,170,1208,505,356,348,76,29,83,125,71,394,67,77,218,60,129,176,462,138,362,50,35,31,633,222,1082,872,679,372,357,459,32,112,114,97,106,92,51,24,28,56,511,344,492,116,170,646,80,168
66,1944,1045,643,328,155,2109,55,534,2028,318,1209,53,958,31,764,247,1204,513,77,193,173,29,1101,577,2118,1092,62,304,26,372,36,309,604,1003,396,1869,115,69,18,729,236,89,28,130,33,210,173,408,2228,847,41,303,60,63,20,197,1392,346,341,509,272,53,55,193,210,2318,721,122,183,1280,61,156,396,299,84,135,135,36,69,248,1132,307,625,171,52,278,165,238,1918,1488,839,999,73,31,165,81,69,463,151,111,214,45,118,166,550,169,342,78,35,50,727,300,1362,1591,986,425,381,590,37,171,136,179,407,195,55,29,32,47,1211,532,839,143,468,1066,68,132
67,5365,3241,2245,1002,964,2299,167,2452,5524,672,3085,99,2178,62,2096,1069,3235,1221,202,563,136,45,2561,1499,5272,2847,209,416,42,1013,85,1096,1248,2040,943,4413,257,129,40,1855,499,124,40,120,51,219,116,1080,5346,2424,80,1170,180,156,40,714,2494,1185,913,1457,450,123,166,659,548,721,5886,86,803,2948,311,975,975,570,213,249,257,82,211,805,2362,1081,1718,770,99,875,293,824,4389,2030,1481,1194,119,51,163,467,96,1549,151,158,425,111,370,710,1026,350,1254,186,54,68,2302,1056,3767,3723,2561,2096,1199,2368,56,463,273,270,323,222,141,51,56,180,2552,1321,2336,313,526,2699,323,522
68,231,103,56,63,31,186,7,69,218,36,101,12,103,10,93,46,172,70,18,40,36,13,77,78,196,118,18,50,12,78,15,63,156,48,67,150,61,33,12,75,43,23,15,24,13,22,19,62,206,151,17,118,15,38,13,44,103,66,39,96,53,20,19,41,124,122,86,253,33,102,21,33,160,95,36,59,22,11,38,31,75,46,52,38,16,31,29,27,181,187,76,159,37,12,48,12,18,92,40,29,76,21,35,22,83,36,87,16,13,21,172,43,196,139,153,73,70,81,14,25,23,46,45,35,16,11,16,13,83,125,73,47,83,102,17,26
69,2137,932,677,321,249,675,122,908,2037,447,1058,44,653,24,844,373,1413,317,44,177,37,19,911,463,2168,1145,69,102,27,293,41,380,442,835,410,1802,109,69,24,728,274,87,24,74,31,148,69,473,2175,897,37,465,68,56,23,272,812,336,294,437,332,41,90,291,181,183,803,33,2371,940,228,284,359,169,69,59,162,46,111,334,729,283,663,103,72,265,241,293,1592,495,542,296,75,28,57,187,72,546,56,126,135,34,214,275,631,194,479,55,34,39,706,413,1424,1187,604,752,281,802,42,151,196,77,130,141,116,30,47,99,781,274,786,103,149,732,93,148
70,8175,4522,3105,1490,741,4105,239,3049,7851,991,7087,134,2843,92,3176,1296,4861,1521,131,777,231,48,6299,1964,8191,3596,253,783,48,1559,83,1294,1975,3812,1544,6715,314,168,38,3174,641,183,51,191,52,389,236,1574,8381,3036,105,1545,219,192,42,817,3962,1209,1102,2143,691,127,209,908,650,1280,2948,102,940,8998,520,1458,1081,567,172,264,262,104,244,1051,3606,952,2675,442,127,1292,454,1171,7278,3061,2518,1858,119,62,220,592,109,1643,224,234,427,104,420,943,1422,469,1363,304,73,87,2699,1499,5783,8417,3637,3187,1713,2396,64,619,382,445,497,326,172,63,82,237,3896,1315,3445,282,689,4005,387,741
71,814,394,318,143,137,145,32,398,750,115,489,26,253,19,308,145,538,181,29,82,19,15,423,197,786,348,42,42,9,123,23,133,191,414,111,646,20,28,11,359,91,26,15,25,19,37,25,156,797,359,15,201,32,21,14,68,357,149,140,182,80,28,35,101,79,61,311,21,228,520,856,164,98,90,31,39,90,20,24,107,325,155,275,86,28,185,86,139,680,148,254,100,40,12,33,64,24,221,30,41,77,22,79,76,192,73,201,44,15,17,305,147,648,585,332,414,171,303,24,75,62,52,38,41,44,21,32,27,344,142,346,59,65,346,114,105
72,2705,1252,805,420,516,919,63,1631,2665,291,1533,24,899,21,1053,978,1523,489,57,220,41,18,1218,1177,2557,1254,101,156,17,421,39,845,571,938,320,2014,134,49,14,1241,130,29,7,19,7,40,25,923,2656,1164,34,546,161,74,11,598,943,593,286,616,198,33,81,545,197,156,975,33,284,1458,164,2968,460,224,90,67,74,21,98,632,788,390,577,251,31,341,73,693,2079,854,611,524,38,25,65,435,28,620,52,20,170,48,162,649,423,95,643,100,15,14,1170,965,1827,1791,1143,1568,533,1076,15,436,59,103,84,56,29,11,12,174,880,479,835,138,188,1025,135,444
73,2422,1003,578,588,313,1015,33,892,2307,257,1224,35,825,24,775,467,1582,374,73,341,101,36,944,537,2057,1140,91,189,34,629,76,666,1177,476,728,1632,563,108,28,901,352,84,37,66,34,89,51,600,1891,1248,110,1374,107,244,28,450,769,635,257,830,243,52,85,536,630,396,975,160,359,1081,98,460,2581,409,178,155,93,26,406,307,716,320,474,249,41,218,130,267,1818,988,500,679,101,46,133,171,135,829,119,92,337,91,245,303,686,161,758,61,38,56,1360,414,1817,1453,1071,704,422,781,36,208,232,147,174,145,78,30,39,71,799,598,660,197,293,858,85,203
74,1017,596,438,273,173,551,33,395,952,141,619,48,508,23,383,243,751,252,76,200,92,40,483,287,925,516,59,144,24,308,61,204,384,359,218,819,134,85,18,294,241,85,21,74,30,110,68,229,973,612,50,299,48,117,26,149,512,288,192,431,151,47,39,130,270,299,570,95,169,567,90,224,409,1112,140,162,100,27,90,101,471,333,364,261,38,221,107,114,860,584,315,448,86,41,124,77,65,552,99,90,591,76,113,110,370,146,427,80,30,43,716,191,865,742,714,450,317,372,34,125,157,172,169,140,73,34,45,33,507,561,505,228,249,526,81,112
75,336,185,147,91,73,139,12,152,311,60,185,16,161,12,134,88,248,81,31,73,31,21,152,101,295,175,30,37,13,96,36,84,117,104,79,254,73,43,15,106,86,33,20,26,18,36,20,80,299,213,38,131,21,41,10,81,146,151,74,155,46,21,32,55,121,84,213,36,69,172,31,90,178,140,363,62,40,21,40,47,161,139,133,110,27,81,46,29,259,167,101,129,41,21,54,36,36,193,48,38,113,127,51,49,136,56,147,30,19,15,238,58,281,236,239,154,105,131,24,33,63,66,61,50,29,13,20,9,164,189,168,87,85,166,40,32
76,430,296,170,106,77,244,16,172,406,64,259,23,203,13,176,74,309,138,34,74,49,23,224,112,412,213,29,71,17,113,19,85,229,149,90,361,38,37,17,118,84,36,17,37,15,50,24,84,432,244,19,101,17,28,14,59,226,129,95,167,72,25,25,39,108,135,249,59,59,264,39,67,155,162,62,467,47,25,25,57,218,119,135,96,20,78,46,45,374,259,151,224,46,18,47,22,19,182,53,51,118,30,61,40,141,57,157,39,20,18,246,65,352,316,259,150,139,159,21,41,69,61,69,56,26,15,15,16,220,201,188,78,113,257,33,45
77,492,276,209,82,105,217,29,170,428,123,248,35,202,15,184,82,384,117,33,67,27,18,236,87,508,257,35,33,19,98,30,63,123,250,110,411,32,47,15,111,178,70,14,71,20,128,72,73,520,236,23,101,25,16,19,34,293,108,141,134,123,32,29,41,100,135,257,22,162,262,90,74,93,100,40,47,557,21,24,35,245,147,222,90,51,95,134,36,397,188,211,123,71,16,48,32,57,260,53,107,96,27,70,44,248,129,188,29,33,23,207,58,389,307,212,206,103,152,33,19,130,41,124,102,81,21,38,14,266,123,257,57,82,241,35,31
78,161,106,75,41,32,68,12,60,154,46,99,20,66,9,67,21,122,49,13,24,9,11,76,31,177,76,11,24,8,35,10,22,42,74,44,155,18,18,10,44,50,26,9,23,17,31,16,30,184,87,8,39,12,7,10,17,108,29,36,45,38,15,18,21,25,36,82,11,46,104,20,21,26,27,21,25,21,191,17,18,73,41,67,19,18,34,52,13,146,61,65,40,24,12,17,8,16,66,21,29,27,16,45,17,74,34,64,13,12,20,72,19,133,114,62,65,43,54,16,4,38,19,32,32,34,20,17,5,88,44,83,19,28,95,14,4
79,558,167,121,168,45,183,17,214,530,59,263,13,180,7,198,104,381,64,14,67,17,13,207,121,457,278,24,35,9,160,25,181,250,83,171,349,191,28,13,242,55,21,13,22,13,22,23,139,354,281,28,405,26,77,14,106,111,117,54,201,80,21,24,153,177,69,211,38,111,244,24,98,406,90,40,25,24,17,596,84,134,52,101,40,17,50,53,57,408,195,105,133,21,21,23,48,28,179,25,27,90,26,79,68,156,48,175,17,11,17,319,86,422,320,214,152,82,183,13,40,32,32,34,35,30,12,22,20,164,107,146,37,61,169,21,59
80,1974,959,600,318,211,857,57,970,1987,257,1060,15,578,11,727,496,1087,318,28,164,40,7,936,685,1972,929,61,136,9,317,20,565,519,727,399,1599,113,39,11,1043,144,28,6,27,5,65,40,949,1915,736,26,608,53,55,7,392,781,291,249,451,173,22,60,532,192,248,805,31,334,1051,107,632,307,101,47,57,35,18,84,2239,678,187,459,122,20,209,85,523,1594,661,518,447,40,19,68,304,24,379,52,29,98,21,110,665,360,80,349,54,10,15,681,634,1244,1339,733,609,323,761,8,241,71,60,99,70,38,13,13,184,754,252,670,69,166,838,73,276
81,5330,3665,2410,848,517,3023,152,1914,5542,674,3557,88,2095,48,2089,752,3263,1317,155,474,178,37,3115,1347,5657,2540,168,526,36,920,42,786,1279,2625,1027,4655,194,118,31,2003,548,159,47,165,48,318,206,991,5744,1924,71,921,119,93,24,508,3081,820,874,1344,519,107,120,540,459,1132,2362,75,729,3606,325,788,716,471,161,218,245,73,134,678,6093,894,2107,498,106,1224,311,557,5276,2389,1920,1500,114,34,157,328,141,1230,173,207,352,80,287,559,1053,355,904,217,65,68,1696,905,3897,4398,2668,1719,1419,1778,55,397,384,320,438,248,143,51,60,135,4929,1139,2590,239,547,3226,310,409
82,1730,1110,900,421,502,796,61,923,1620,257,1027,77,1026,31,645,384,1198,430,107,314,66,31,872,504,1696,977,74,155,22,437,57,342,306,764,196,1435,54,81,26,416,275,73,20,67,27,126,72,322,1747,1056,45,229,75,57,22,218,863,564,399,586,153,64,77,172,226,307,1081,46,283,952,155,390,320,333,139,119,147,41,52,187,894,1872,853,577,69,499,127,205,1229,827,556,491,74,41,100,183,55,809,89,87,234,83,193,226,476,197,592,71,37,29,879,327,1257,1185,958,851,462,597,38,160,139,132,191,121,81,34,41,60,931,681,951,214,308,945,148,172
83,3881,2561,2915,828,431,1726,123,1437,3706,644,2700,99,1479,54,1426,557,2645,705,104,509,97,30,2409,864,4002,1840,112,386,39,802,41,486,696,1881,790,3394,108,124,30,1306,507,146,44,123,38,296,152,672,4084,1610,59,636,80,85,31,329,1994,600,725,1151,382,96,95,314,341,625,1718,52,663,2675,275,577,474,364,133,135,222,67,101,459,2107,853,4311,379,86,1144,317,389,3549,1334,1427,788,109,28,131,271,94,1059,150,197,290,68,296,384,939,341,748,185,60,60,1233,634,2942,3133,1949,1617,983,1155,56,256,330,229,355,219,148,66,67,123,2144,742,3395,185,364,2333,245,288
84,942,699,522,272,365,496,35,568,950,114,495,33,593,22,340,268,581,293,97,192,51,27,387,348,882,526,51,96,19,283,39,224,185,296,96,779,54,54,14,221,132,26,11,25,16,42,17,182,923,631,30,187,56,52,18,158,457,417,270,407,61,42,59,108,198,171,770,38,103,442,86,251,249,261,110,96,90,19,40,122,498,577,379,1022,42,274,41,124,683,509,229,333,49,30,74,107,26,508,63,39,198,69,115,169,227,88,375,46,19,26,637,176,697,638,702,457,335,392,30,117,65,73,98,57,26,20,31,33,525,557,529,186,200,583,124,124
85,211,106,88,51,41,105,18,88,185,62,126,24,104,17,87,35,158,57,19,33,14,12,122,34,216,119,21,31,11,51,15,25,43,118,41,180,16,25,14,55,57,27,10,31,14,50,26,45,221,110,13,36,17,15,16,24,119,49,56,67,60,22,21,14,43,52,99,16,72,127,28,31,41,38,27,20,51,18,17,20,106,69,86,42,240,62,53,13,162,83,76,59,30,13,20,18,26,105,19,44,40,19,43,14,105,50,79,22,25,18,95,27,167,156,94,102,52,53,23,15,62,29,40,38,36,11,25,11,111,74,108,32,38,105,16,11
86,1815,1196,1192,409,228,751,54,744,1719,250,1298,48,725,37,644,316,1231,362,57,272,47,16,1124,444,1798,804,56,156,18,429,17,260,375,937,301,1534,58,60,19,646,195,65,21,65,24,144,83,283,1849,796,35,296,56,49,20,169,896,338,304,598,157,57,39,151,144,278,875,31,265,1292,185,341,218,221,81,78,95,34,50,209,1224,499,1144,274,62,1951,151,183,1622,643,648,372,48,18,65,147,40,545,68,72,170,43,129,168,373,162,364,110,27,26,625,321,1460,1500,1116,814,603,600,39,154,134,142,155,79,61,29,35,49,1294,481,1306,140,177,1132,187,193
87,771,392,273,153,94,335,66,275,691,239,452,53,277,26,295,87,640,149,34,110,30,19,420,126,820,386,46,56,24,129,27,74,132,442,200,679,33,59,22,211,206,82,24,88,34,155,72,154,830,347,22,142,30,19,24,61,444,102,178,182,177,49,49,67,82,165,293,29,241,454,86,73,130,107,46,46,134,52,53,85,311,127,317,41,53,151,880,31,647,192,331,138,72,21,42,40,53,279,58,126,110,36,146,48,328,160,217,37,34,34,275,87,606,500,203,327,110,215,42,44,177,61,117,116,112,34,60,20,353,124,334,71,110,337,34,27
88,2011,1033,600,268,240,837,61,1121,2061,210,1128,23,663,13,780,575,1064,415,39,126,45,5,951,801,2002,970,59,130,12,295,10,605,453,770,314,1587,68,29,10,996,86,16,5,17,5,28,21,705,2041,708,18,433,49,41,3,374,862,295,245,436,136,19,40,461,170,238,824,27,293,1171,139,693,267,114,29,45,36,13,57,523,557,205,389,124,13,183,31,2269,1700,697,503,429,30,12,55,384,21,332,42,15,96,19,100,485,244,67,313,69,11,7,639,727,1338,1447,835,715,385,802,7,290,31,76,75,53,20,9,12,196,735,306,669,70,134,956,119,486
89,11954,6520,4216,1837,1230,6004,298,4535,12159,1494,7283,145,3907,110,4229,1959,6792,2277,218,928,297,67,6175,3053,12211,5454,351,993,74,1955,97,2120,2913,4941,2356,9746,534,211,49,4785,892,263,68,259,72,520,320,2420,12342,4258,125,2688,357,276,54,1328,5800,1791,1549,2760,1064,168,329,1553,1208,1918,4389,181,1592,7278,680,2079,1818,860,259,374,397,146,408,1594,5276,1229,3549,683,162,1622,647,1700,13542,4847,3780,2908,182,76,316,658,213,2189,296,315,681,125,599,1313,2266,625,2038,385,105,134,3884,2125,8082,9000,4861,3799,2215,3814,90,895,607,556,680,487,241,95,103,340,5686,1869,4636,405,967,5687,487,1012
90,4735,2757,1673,837,521,3760,113,1728,4914,534,3078,88,2216,54,1968,823,2571,1228,144,434,251,45,2559,1494,4812,2477,156,604,39,950,63,937,1585,1933,907,4070,292,138,28,1952,390,109,39,131,35,244,204,1033,4975,2026,85,941,133,166,29,651,2668,903,697,1306,488,80,114,620,505,1488,2030,187,495,3061,148,854,988,584,167,259,188,61,195,661,2389,827,1334,509,83,643,192,697,4847,5378,1883,2535,129,61,274,210,87,1068,212,125,450,91,232,597,895,295,950,150,55,76,1947,912,3290,3870,2462,1385,1089,1651,54,444,198,329,448,277,82,39,45,131,2574,1261,1875,289,839,2584,189,468
91,3784,2218,1529,590,417,2189,118,1403,3779,600,2454,82,1431,50,1462,564,2323,799,93,342,130,30,2168,949,3948,1874,118,376,34,599,38,564,851,1933,758,3228,133,109,28,1437,380,123,46,136,39,275,159,769,4042,1513,49,635,107,67,26,370,2171,523,599,848,401,89,96,380,356,839,1481,76,542,2518,254,611,500,315,101,151,211,65,105,518,1920,556,1427,229,76,648,331,503,3780,1883,4243,1489,122,36,150,232,85,826,118,154,246,59,276,408,853,303,753,134,41,53,1238,675,2748,2972,1646,1360,764,1226,50,277,224,213,354,216,137,48,74,105,2032,649,1742,172,433,2007,184,316
92,2846,1749,980,524,281,2400,70,970,2949,298,1892,60,1331,28,1215,484,1578,771,85,286,192,40,1569,898,2873,1485,111,420,30,601,47,565,1150,1144,581,2481,202,114,24,1187,226,64,25,85,25,155,138,645,3019,1263,64,600,94,114,20,422,1653,573,396,823,313,56,69,375,348,999,1194,159,296,1858,100,524,679,448,129,224,123,40,133,447,1500,491,788,333,59,372,138,429,2908,2535,1489,3228,108,50,230,138,58,642,166,80,346,68,168,358,583,194,624,105,41,50,1296,564,2066,2367,1581,805,707,981,36,283,128,241,316,202,48,30,29,85,1620,895,1117,224,757,1667,139,300
93,239,133,95,60,46,123,23,86,212,60,117,24,120,14,115,37,186,71,20,45,20,17,107,48,237,136,18,35,15,62,18,42,80,103,80,201,34,36,14,58,81,41,8,34,17,61,30,45,244,139,18,79,13,27,12,32,141,57,58,79,77,24,20,23,76,73,119,37,75,119,40,38,101,86,41,46,71,24,21,40,114,74,109,49,30,48,72,30,182,129,122,108,265,24,51,14,36,109,47,69,74,20,44,31,127,66,105,19,26,20,131,41,199,148,114,112,73,99,26,15,73,43,51,57,50,18,26,7,121,92,113,53,66,121,21,15
94,106,49,32,33,23,47,5,41,92,23,64,8,49,8,51,27,80,32,14,20,13,10,49,29,90,60,9,17,9,32,16,21,37,34,26,79,16,17,6,33,33,14,7,12,12,18,10,27,90,66,14,28,11,23,9,16,40,32,21,35,26,11,9,17,29,31,51,12,28,62,12,25,46,41,21,18,16,12,21,19,34,41,28,30,13,18,21,12,76,61,36,50,24,110,29,8,20,48,20,19,34,13,19,20,45,20,53,10,9,14,76,23,82,74,56,53,25,38,9,11,23,27,27,23,13,11,14,5,35,58,40,37,28,41,11,8
95,355,183,133,79,47,293,12,132,344,67,202,19,173,10,155,71,222,122,22,61,117,12,195,107,360,200,18,66,17,91,21,79,121,131,83,318,41,26,15,129,65,27,13,29,7,39,31,89,372,202,17,93,12,34,11,52,220,80,62,123,70,16,15,50,83,165,163,48,57,220,33,65,133,124,54,47,48,17,23,68,157,100,131,74,20,65,42,55,316,274,150,230,51,29,408,36,16,127,132,33,90,30,41,50,125,47,102,28,16,19,186,84,285,275,241,117,91,126,17,28,35,52,75,38,25,11,16,15,168,157,166,67,112,190,26,33
96,1137,496,348,185,201,361,51,690,1102,175,601,16,392,9,416,400,635,162,26,86,18,4,532,434,1115,576,31,71,8,172,24,327,166,397,153,855,61,20,12,515,73,22,6,17,6,27,17,400,1112,435,13,241,30,36,7,250,412,184,122,238,81,20,53,265,125,81,467,12,187,592,64,435,171,77,36,22,32,8,48,304,328,183,271,107,18,147,40,384,658,210,232,138,14,8,36,1277,20,253,15,24,52,18,79,304,207,46,221,34,6,6,393,415,728,729,412,472,182,406,8,178,34,21,47,35,22,7,13,129,360,167,386,50,75,385,63,240
97,262,109,76,56,29,99,13,77,232,65,118,17,89,10,77,34,207,51,17,29,12,10,111,44,259,105,14,18,10,49,20,38,75,106,85,203,37,17,10,64,99,50,10,31,19,51,26,45,256,102,19,71,11,17,15,28,157,50,52,69,54,16,14,27,71,69,96,18,72,109,24,28,135,65,36,19,57,16,28,24,141,55,94,26,26,40,53,21,213,87,85,58,36,20,16,20,296,79,24,32,38,16,33,12,152,59,83,15,15,20,111,37,215,150,93,88,56,62,15,11,109,36,46,39,43,13,26,7,137,64,94,37,35,103,16,9
98,3047,1551,1243,781,642,1262,94,1365,2840,472,1697,97,1346,51,1058,573,2196,560,153,527,81,36,1472,726,2948,1526,154,231,46,754,92,552,674,1266,444,2590,193,126,35,798,486,144,30,122,54,213,118,642,3026,1879,80,618,153,129,40,378,1368,827,573,1069,336,115,119,323,394,463,1549,92,546,1643,221,620,829,552,193,182,260,66,179,379,1230,809,1059,508,105,545,279,332,2189,1068,826,642,109,48,127,253,79,3295,101,110,389,104,435,279,947,329,1164,114,64,58,1843,580,2249,2011,1376,1486,644,1015,58,268,297,199,335,211,163,58,73,107,1349,900,1344,316,352,1336,190,237
99,320,166,139,75,34,258,15,110,301,70,202,22,170,14,140,59,220,100,35,66,87,15,194,93,327,165,24,63,13,90,20,63,123,161,97,286,28,28,11,99,79,39,25,43,14,54,30,72,346,180,25,84,18,28,9,41,190,72,66,116,64,15,20,49,67,151,151,40,56,224,30,52,119,99,48,53,53,21,25,52,173,89,150,63,19,68,58,42,296,212,118,166,47,20,132,15,24,101,377,39,72,26,34,31,130,62,114,26,17,19,178,61,266,257,189,130,96,114,20,24,66,55,105,63,36,16,20,14,188,129,171,55,94,182,23,26
100,350,205,165,63,37,167,25,89,298,108,215,26,145,19,156,34,303,89,25,55,24,16,210,40,384,162,20,42,15,65,18,22,71,203,115,293,28,37,16,67,156,51,17,66,22,118,66,35,374,141,16,73,18,15,22,18,238,55,101,80,115,29,33,13,77,111,158,29,126,234,41,20,92,90,38,51,107,29,27,29,207,87,197,39,44,72,126,15,315,125,154,80,69,19,33,24,32,110,39,416,51,23,44,11,217,120,109,36,34,32,111,26,286,264,112,148,81,87,34,12,133,39,111,91,69,20,35,9,209,67,211,46,65,175,14,6
101,782,467,350,223,164,418,32,307,732,129,471,40,394,18,321,178,595,195,64,159,58,31,382,210,732,409,51,120,22,248,40,160,300,264,167,634,120,73,22,229,190,66,16,52,25,92,50,193,761,487,38,257,33,97,26,109,400,227,175,333,129,38,33,113,218,214,425,76,135,427,77,170,337,591,113,118,96,27,90,98,352,234,290,198,40,170,110,96,681,450,246,346,74,34,90,52,38,389,72,51,864,76,111,74,300,135,332,58,28,41,556,141,667,560,545,344,247,294,34,87,127,118,116,133,59,36,39,23,386,433,402,186,205,418,64,72
102,181,99,80,49,41,80,13,73,162,36,103,18,89,9,69,40,134,47,17,47,16,13,84,50,160,85,21,21,8,61,26,40,71,64,51,147,42,26,10,56,50,23,12,23,10,23,17,38,170,111,15,67,15,24,11,41,89,75,45,80,30,17,33,29,60,45,111,21,34,104,22,48,91,76,127,30,27,16,26,21,80,83,68,69,19,43,36,19,125,91,59,68,20,13,30,18,16,104,26,23,76,196,43,15,83,34,83,22,11,14,120,28,146,128,120,86,60,54,15,14,52,33,28,25,20,9,11,6,85,85,90,44,40,95,22,16
103,880,399,273,206,230,329,59,416,819,199,417,36,330,16,314,148,669,143,52,159,22,18,377,178,872,459,50,60,21,178,34,163,160,352,170,766,60,50,23,230,150,45,22,52,29,67,41,208,893,615,30,197,59,34,22,140,432,210,215,248,135,57,69,99,129,118,370,35,214,420,79,162,245,113,51,61,70,45,79,110,287,193,296,115,43,129,146,100,599,232,276,168,44,19,41,79,33,435,34,44,111,43,969,98,361,112,428,33,22,31,568,164,653,493,289,419,147,313,35,49,84,51,108,72,66,34,42,32,321,220,328,84,123,324,46,47
104,1724,806,492,283,292,724,49,982,1729,236,959,14,589,9,666,503,984,282,49,147,39,12,842,645,1696,850,64,119,7,306,26,530,394,606,275,1391,83,32,13,797,104,24,5,18,5,36,17,772,1711,768,16,404,81,50,9,377,668,329,232,404,117,30,60,409,176,166,710,22,275,943,76,649,303,110,49,40,44,17,68,665,559,226,384,169,14,168,48,485,1313,597,408,358,31,20,50,304,12,279,31,11,74,15,98,1931,300,76,364,49,17,14,727,664,1100,1151,682,664,310,681,8,254,44,58,81,54,22,9,9,169,619,302,523,78,135,689,77,306
105,3148,1336,914,519,448,1192,119,1092,2768,690,1495,80,1031,47,987,452,2293,395,90,332,102,33,1257,558,3151,1478,82,208,32,470,63,431,649,1069,715,2544,161,98,30,865,482,148,39,149,50,259,150,553,3132,1355,50,767,90,97,35,351,1356,530,447,664,412,82,176,353,462,550,1026,83,631,1422,192,423,686,370,136,141,248,74,156,360,1053,476,939,227,105,373,328,244,2266,895,853,583,127,45,125,207,152,947,130,217,300,83,361,300,3516,301,946,90,64,59,1206,376,2314,1738,997,1073,487,773,76,181,414,167,305,234,166,53,78,81,1164,566,1132,159,319,1138,105,190
106,717,439,339,164,109,320,38,242,650,176,474,53,330,24,306,116,570,182,23,118,29,22,420,139,717,385,40,81,17,140,37,85,158,351,185,614,45,63,20,175,204,70,18,80,22,153,62,133,729,357,25,137,34,36,27,56,427,137,173,191,159,46,34,71,138,169,350,36,194,469,73,95,161,146,56,57,129,34,48,80,355,197,341,88,50,162,160,67,625,295,303,194,66,20,47,46,59,329,62,120,135,34,112,76,301,798,274,45,38,38,342,80,605,569,311,360,179,227,38,53,153,64,145,123,95,32,49,22,388,192,392,84,129,363,49,48
107,2803,1344,881,599,642,1033,88,1329,2675,437,1461,64,1075,43,1061,570,1884,545,129,403,73,33,1213,720,2658,1415,155,187,23,612,72,639,670,1013,473,2243,187,112,31,885,354,85,39,92,39,136,72,608,2735,1650,72,673,190,124,32,457,1128,749,501,847,321,94,157,350,362,342,1254,87,479,1363,201,643,758,427,147,157,188,64,175,349,904,592,748,375,79,364,217,313,2038,950,753,624,105,53,102,221,83,1164,114,109,332,83,428,364,946,274,3024,62,47,60,1816,461,2022,1709,1129,1343,514,992,55,251,192,149,243,171,116,43,68,87,1001,740,977,228,323,1065,158,231
108,386,244,206,82,52,177,17,160,363,59,290,15,162,10,172,71,275,104,21,46,21,15,261,98,402,174,20,56,8,90,11,56,80,200,86,338,15,14,9,129,48,22,11,20,9,31,24,79,417,144,15,73,25,19,13,45,212,68,63,113,43,17,12,37,50,78,186,16,55,304,44,100,61,80,30,39,29,13,17,54,217,71,185,46,22,110,37,69,385,150,134,105,19,10,28,34,15,114,26,36,58,22,33,49,90,45,62,442,15,16,140,78,308,345,277,216,149,134,19,38,38,74,58,29,23,14,16,9,223,140,251,48,45,235,35,52
109,123,79,59,32,22,67,9,36,112,34,65,14,61,8,46,14,92,35,15,24,12,10,62,23,128,60,15,24,13,30,15,13,37,53,39,107,15,17,9,37,50,24,9,30,12,31,19,16,133,67,10,30,11,8,14,11,72,26,41,43,33,15,12,5,35,35,54,13,34,73,15,15,38,30,19,20,33,12,11,10,65,37,60,19,25,27,34,11,105,55,41,41,26,9,16,6,15,64,17,34,28,11,22,17,64,38,47,15,143,24,52,17,87,83,52,50,35,43,25,7,43,25,33,32,26,13,15,3,63,40,68,20,34,66,10,7
110,148,87,56,39,22,86,14,45,146,33,87,13,62,14,60,20,104,44,14,28,14,11,71,32,143,73,10,26,8,45,11,26,47,66,47,132,20,21,12,35,49,30,13,27,12,28,20,28,156,86,10,44,13,17,12,14,88,35,43,48,39,12,14,10,31,50,68,21,39,87,17,14,56,43,15,18,23,20,17,15,68,29,60,26,18,26,34,7,134,76,53,50,20,14,19,6,20,58,19,32,41,14,31,14,59,38,60,16,24,171,82,18,109,105,69,59,31,43,17,10,44,19,31,31,24,14,20,3,79,53,64,20,33,79,8,7
111,5224,2533,1632,1160,954,2234,102,2337,5030,621,2881,82,1909,49,1873,1084,3398,982,175,634,154,55,2299,1498,4821,2443,252,419,46,1204,113,1180,1426,1853,791,4074,416,145,40,1857,453,112,43,105,47,164,108,1170,4963,2880,116,1229,323,241,45,794,2071,1223,784,1635,497,137,157,672,633,727,2302,172,706,2699,305,1170,1360,716,238,246,207,72,319,681,1696,879,1233,637,95,625,275,639,3884,1947,1238,1296,131,76,186,393,111,1843,178,111,556,120,568,727,1206,342,1816,140,52,82,5601,1173,3778,3435,2327,2260,995,1873,73,508,237,294,335,269,129,50,68,161,1877,1524,1723,379,587,2078,264,470
112,2681,1269,806,414,388,1096,75,1452,2649,323,1529,21,905,15,1072,766,1502,443,45,209,55,10,1278,1004,2590,1313,80,188,20,421,35,733,553,1016,358,2094,129,46,13,1270,129,30,9,24,8,57,44,907,2674,1142,30,492,111,67,12,544,1084,448,342,604,184,23,53,520,222,300,1056,43,413,1499,147,965,414,191,58,65,58,19,86,634,905,327,634,176,27,321,87,727,2125,912,675,564,41,23,84,415,37,580,61,26,141,28,164,664,376,80,461,78,17,18,1173,2931,1781,1857,1097,1144,477,992,18,436,51,104,111,79,32,11,10,189,992,470,871,89,215,1103,112,468
113,10086,4951,3474,1682,1155,3896,231,3631,9356,1318,5887,166,3260,102,3424,1644,7137,1760,204,910,246,75,4948,2203,9563,4386,319,767,70,1724,127,1744,2337,3788,1925,7697,540,215,55,3501,870,244,71,228,72,419,246,1899,9600,4128,128,2284,316,293,55,1125,4284,1624,1229,2446,939,180,238,1201,1082,1362,3767,196,1424,5783,648,1827,1817,865,281,352,389,133,422,1244,3897,1257,2942,697,167,1460,606,1338,8082,3290,2748,2066,199,82,285,728,215,2249,266,286,667,146,653,1100,2314,605,2022,308,87,109,3778,1781,10692,7227,4299,3803,2085,2994,104,719,573,512,594,448,245,95,121,284,4285,1853,3907,444,854,4419,491,952
114,10267,5684,3808,1830,950,5269,273,3876,10082,1191,8231,145,3540,100,3772,1622,5891,1921,175,944,259,64,7168,2556,10247,4510,318,947,54,1959,100,1754,2550,4501,1934,8395,451,189,40,3986,715,209,53,216,52,441,287,2000,10477,3810,129,2078,283,262,40,1094,4899,1574,1350,2702,843,153,275,1201,872,1591,3723,139,1187,8417,585,1791,1453,742,236,316,307,114,320,1339,4398,1185,3133,638,156,1500,500,1447,9000,3870,2972,2367,148,74,275,729,150,2011,257,264,560,128,493,1151,1738,569,1709,345,83,105,3435,1857,7227,11378,4550,3853,2141,2986,79,778,440,506,587,391,196,70,92,283,4785,1705,4189,368,864,4914,473,883
115,5303,3378,2562,1097,673,2752,105,2099,5357,523,3589,87,2125,62,2048,1022,3280,1315,168,589,206,55,3105,1526,5158,2498,189,547,40,1184,82,1046,1448,2016,1063,4319,333,130,32,2110,402,115,37,93,31,204,140,1090,5326,2328,102,1281,178,190,35,694,2561,1041,735,1697,473,88,112,700,679,986,2561,153,604,3637,332,1143,1071,714,239,259,212,62,214,733,2668,958,1949,702,94,1116,203,835,4861,2462,1646,1581,114,56,241,412,93,1376,189,112,545,120,289,682,997,311,1129,277,52,69,2327,1097,4299,4550,5867,2179,2112,1980,61,486,220,437,386,244,95,50,52,163,2890,1594,2849,393,647,3150,360,589
116,5170,2416,1874,1012,999,1613,162,2465,4820,732,3321,102,1768,66,1949,1214,3317,961,132,593,95,42,2781,1437,4922,2321,205,326,39,977,87,1006,961,2136,654,3864,180,115,32,1683,457,119,32,103,47,193,109,996,5127,2467,80,751,309,120,41,684,2053,1133,730,1363,426,111,160,538,372,425,2096,73,752,3187,414,1568,704,450,154,150,206,65,152,609,1719,851,1617,457,102,814,327,715,3799,1385,1360,805,112,53,117,472,88,1486,130,148,344,86,419,664,1073,360,1343,216,50,59,2260,1144,3803,3853,2179,5498,1076,1815,76,420,256,292,286,204,158,69,79,163,1847,935,2023,282,382,2032,297,453
117,2315,1851,1317,544,264,1114,61,917,2336,242,1709,56,1018,36,975,440,1551,681,74,306,107,30,1441,697,2275,1127,89,305,25,550,35,473,612,868,557,1966,119,71,21,960,199,69,18,53,21,110,73,434,2337,1020,54,615,74,81,18,289,1271,416,337,805,238,57,62,314,357,381,1199,70,281,1713,171,533,422,317,105,139,103,43,82,323,1419,462,983,335,52,603,110,385,2215,1089,764,707,73,25,91,182,56,644,96,81,247,60,147,310,487,179,514,149,35,31,995,477,2085,2141,2112,1076,2560,1034,55,209,132,241,195,139,60,31,38,69,1502,755,1448,190,327,1815,210,284
118,4491,2431,1563,717,695,1875,134,2164,4701,519,2484,50,1523,31,1828,1017,2569,1004,113,349,107,33,2005,1410,4443,2484,186,315,35,735,57,1075,1067,1707,813,3593,249,116,32,1847,269,68,24,74,29,134,90,1059,4474,1919,65,1062,194,117,27,699,1909,851,595,1072,388,82,135,676,459,590,2368,81,802,2396,303,1076,781,372,131,159,152,54,183,761,1778,597,1155,392,53,600,215,802,3814,1651,1226,981,99,38,126,406,62,1015,114,87,294,54,313,681,773,227,992,134,43,43,1873,992,2994,2986,1980,1815,1034,4974,54,504,156,204,222,157,86,29,37,190,1921,904,1623,205,395,2092,243,507
119,120,72,54,31,27,57,17,48,98,41,71,18,63,11,57,17,108,41,14,26,11,13,62,21,115,77,13,24,13,27,15,18,24,61,31,92,16,17,10,34,47,22,13,18,10,37,23,11,114,62,14,30,10,12,16,13,70,38,37,39,34,19,17,9,32,37,56,14,42,64,24,15,36,34,24,21,33,16,13,8,55,38,56,30,23,39,42,7,90,54,50,36,26,9,17,8,15,58,20,34,34,15,35,8,76,38,55,19,25,17,73,18,104,79,61,76,55,54,132,9,37,25,30,36,31,12,22,6,66,43,68,34,34,72,21,6
120,1114,564,398,227,163,534,24,644,1147,116,659,11,430,14,456,376,605,196,35,131,36,4,513,512,1064,571,44,96,7,234,25,328,270,379,176,902,64,28,6,586,57,9,4,11,4,19,15,351,1106,482,19,278,58,39,8,226,433,217,117,308,72,18,31,247,112,171,463,25,151,619,75,436,208,125,33,41,19,4,40,241,397,160,256,117,15,154,44,290,895,444,277,283,15,11,28,178,11,268,24,12,87,14,49,254,181,53,251,38,7,10,508,436,719,778,486,420,209,504,9,1239,28,59,47,39,14,4,6,75,419,247,399,75,125,491,54,247
121,659,381,278,108,64,232,34,175,575,180,378,32,235,25,201,63,572,106,26,84,25,22,338,87,710,289,32,59,17,104,25,46,151,307,206,558,34,43,17,129,301,109,23,78,33,144,67,118,700,252,25,126,23,24,23,41,421,94,150,154,152,36,28,34,114,136,273,23,196,382,62,59,232,157,63,69,130,38,32,71,384,139,330,65,62,134,177,31,607,198,224,128,73,23,35,34,109,297,66,133,127,52,84,44,414,153,192,38,43,44,237,51,573,440,220,256,132,156,37,28,758,61,85,88,77,20,36,7,430,149,366,64,96,306,32,11
122,574,330,261,122,46,348,22,180,548,85,428,20,256,14,238,87,422,153,19,76,44,22,375,152,568,245,26,91,12,134,23,94,199,245,126,475,48,37,9,221,74,43,11,38,16,64,34,110,582,269,27,140,23,46,14,69,283,110,76,190,86,19,18,82,97,179,270,46,77,445,52,103,147,172,66,61,41,19,32,60,320,132,229,73,29,142,61,76,556,329,213,241,43,27,52,21,36,199,55,39,118,33,51,58,167,64,149,74,25,19,294,104,512,506,437,292,241,204,25,59,61,640,85,69,27,21,22,5,343,236,321,92,126,347,53,47
123,724,410,318,140,90,640,31,231,694,146,465,40,377,28,290,123,549,186,50,105,72,17,447,180,806,393,29,109,19,151,33,98,174,412,144,675,33,52,15,233,204,66,28,88,25,148,93,150,823,370,29,111,28,31,19,73,532,145,168,225,133,28,35,63,106,407,323,45,130,497,38,84,174,169,61,69,124,32,34,99,438,191,355,98,40,155,117,75,680,448,354,316,51,27,75,47,46,335,105,111,116,28,108,81,305,145,243,58,33,31,335,111,594,587,386,286,195,222,30,47,85,85,868,116,53,31,40,13,479,230,427,79,185,410,41,26
124,550,271,201,113,72,364,26,172,487,117,313,35,231,19,183,88,421,127,27,83,34,21,279,114,538,277,31,72,16,117,29,90,161,240,145,470,42,38,13,143,167,64,15,73,19,104,65,127,573,246,21,132,29,36,19,50,327,108,108,155,113,27,29,51,92,195,222,35,141,326,41,56,145,140,50,56,102,32,35,70,248,121,219,57,38,79,116,53,487,277,216,202,57,23,38,35,39,211,63,91,133,25,72,54,234,123,171,29,32,31,269,79,448,391,244,204,139,157,36,39,88,69,116,615,50,27,33,8,295,183,281,69,143,281,25,30
125,304,165,130,78,44,104,33,105,257,90,176,35,127,14,103,30,259,71,21,55,14,13,168,43,311,144,15,28,11,65,19,31,53,167,83,264,21,32,13,63,114,45,12,43,26,83,48,49,326,137,13,62,11,13,15,27,188,53,75,86,97,23,30,19,51,55,141,16,116,172,44,29,78,73,29,26,81,34,30,38,143,81,148,26,36,61,112,20,241,82,137,48,50,13,25,22,43,163,36,69,59,20,66,22,166,95,116,23,26,24,129,32,245,196,95,158,60,86,31,14,77,27,53,50,347,25,37,4,157,71,161,42,45,154,20,10
126,124,53,53,31,29,48,14,42,104,39,59,15,50,8,38,8,92,30,18,24,10,9,56,17,122,58,9,23,8,27,10,12,21,65,27,100,10,13,8,21,36,24,10,19,13,26,17,21,124,65,9,21,10,12,12,7,71,28,40,32,26,14,12,9,24,29,51,11,30,63,21,11,30,34,13,15,21,20,12,13,51,34,66,20,11,29,34,9,95,39,48,30,18,11,11,7,13,58,16,20,36,9,34,9,53,32,43,14,13,14,50,11,95,70,50,69,31,29,12,4,20,21,31,27,25,133,24,0,61,37,73,24,26,48,12,3
127,135,72,58,33,32,59,19,48,108,45,80,22,69,11,52,18,122,44,15,30,13,12,75,16,132,77,11,17,7,32,17,15,22,75,34,118,18,25,10,30,60,28,11,30,17,36,24,18,139,83,13,26,14,12,13,9,85,30,45,42,43,12,17,15,28,32,56,16,47,82,32,12,39,45,20,15,38,17,22,13,60,41,67,31,25,35,60,12,103,45,74,29,26,14,16,13,26,73,20,35,39,11,42,9,78,49,68,16,15,20,68,10,121,92,52,79,38,37,22,6,36,22,40,33,37,24,150,0,70,53,78,31,26,73,14,5
128,436,191,128,68,64,169,12,271,432,75,231,6,144,5,156,148,248,60,5,28,17,1,213,180,429,234,12,29,2,57,7,149,94,151,57,340,24,9,6,219,38,4,0,8,4,16,8,206,426,168,6,97,11,11,4,98,183,62,57,78,44,6,6,119,56,47,180,13,99,237,27,174,71,33,9,16,14,5,20,184,135,60,123,33,11,49,20,196,340,131,105,85,7,5,15,129,7,107,14,9,23,6,32,169,81,22,87,9,3,3,161,189,284,283,163,163,69,190,6,75,7,5,13,8,4,0,0,495,154,67,143,20,35,169,22,121
129,5891,3978,2601,947,626,3391,169,2154,6097,727,3847,94,2279,53,2182,854,3527,1416,171,527,179,39,3352,1533,6225,2826,181,592,35,1033,54,890,1418,2790,1131,5134,198,119,34,2225,591,172,43,163,53,352,220,1092,6343,2171,77,1040,132,112,30,578,3375,941,961,1499,558,113,133,617,511,1211,2552,83,781,3896,344,880,799,507,164,220,266,88,164,754,4929,931,2144,525,111,1294,353,735,5686,2574,2032,1620,121,35,168,360,137,1349,188,209,386,85,321,619,1164,388,1001,223,63,79,1877,992,4285,4785,2890,1847,1502,1921,66,419,430,343,479,295,157,61,70,154,6741,1316,2902,275,649,3440,348,421
130,2289,1459,1044,570,454,1331,60,983,2202,252,1382,61,1169,39,872,478,1553,683,149,378,126,42,1117,778,2107,1171,104,317,28,622,65,497,691,762,331,1879,152,101,30,758,267,72,30,62,35,90,60,469,2265,1323,61,444,98,127,24,324,1157,647,406,897,230,82,69,247,344,532,1321,125,274,1315,142,479,598,561,189,201,123,44,107,252,1139,681,742,557,74,481,124,306,1869,1261,649,895,92,58,157,167,64,900,129,67,433,85,220,302,566,192,740,140,40,53,1524,470,1853,1705,1594,935,755,904,43,247,149,236,230,183,71,37,53,67,1316,2444,1185,374,525,1322,209,248
131,5075,3358,3637,1029,562,2378,137,1938,4945,727,3478,103,1976,63,1861,774,3310,1083,150,621,148,39,3088,1237,5215,2385,146,487,42,1010,55,721,1003,2258,1037,4396,174,141,35,1828,543,162,49,130,44,324,172,908,5326,2072,68,960,127,116,38,525,2596,826,860,1513,509,114,131,505,492,839,2336,73,786,3445,346,835,660,505,168,188,257,83,146,670,2590,951,3395,529,108,1306,334,669,4636,1875,1742,1117,113,40,166,386,94,1344,171,211,402,90,328,523,1132,392,977,251,68,64,1723,871,3907,4189,2849,2023,1448,1623,68,399,366,321,427,281,161,73,78,143,2902,1185,5673,273,580,3304,340,431
132,533,310,254,191,136,295,26,235,500,84,296,24,296,17,214,138,378,154,56,140,53,29,228,172,477,263,32,73,16,180,34,125,150,180,83,444,51,55,15,137,100,40,16,34,15,42,22,94,516,348,38,109,35,56,19,65,245,186,115,267,69,36,22,55,116,143,313,47,103,282,59,138,197,228,87,78,57,19,37,69,239,214,185,186,32,140,71,70,405,289,172,224,53,37,67,50,37,316,55,46,186,44,84,78,159,84,228,48,20,20,379,89,444,368,393,282,190,205,34,75,64,92,79,69,42,24,31,20,275,374,273,564,177,275,81,56
133,1078,663,419,249,177,914,37,410,1067,154,695,34,605,20,469,204,743,338,60,181,107,20,613,333,1094,606,45,177,21,257,36,222,415,415,219,957,81,61,13,385,166,45,21,58,24,85,76,244,1132,612,31,238,40,51,13,174,674,280,213,352,167,34,45,129,170,468,526,83,149,689,65,188,293,249,85,113,82,28,61,166,547,308,364,200,38,177,110,134,967,839,433,757,66,28,112,75,35,352,94,65,205,40,123,135,319,129,323,45,34,33,587,215,854,864,647,382,327,395,34,125,96,126,185,143,45,26,26,35,649,525,580,177,1214,708,96,94
134,6006,4887,2803,1121,703,3259,167,2305,6203,707,3977,101,2382,70,2302,918,3471,1433,171,647,206,42,3444,1667,6222,2883,192,625,41,1186,53,1040,1523,2484,1287,5207,243,138,35,2424,492,131,35,140,45,297,178,1184,6327,2339,76,1278,137,131,32,685,3233,1017,955,1689,548,116,171,739,646,1066,2699,102,732,4005,346,1025,858,526,166,257,241,95,169,838,3226,945,2333,583,105,1132,337,956,5687,2584,2007,1667,121,41,190,385,103,1336,182,175,418,95,324,689,1138,363,1065,235,66,79,2078,1103,4419,4914,3150,2032,1815,2092,72,491,306,347,410,281,154,48,73,169,3440,1322,3304,275,708,6797,375,553
135,578,354,286,125,118,205,17,287,549,65,389,16,208,11,222,131,388,184,26,82,23,12,333,155,560,268,41,46,10,121,17,99,131,290,74,488,18,19,11,225,49,20,10,18,14,22,17,87,570,272,9,93,24,17,10,75,284,137,89,181,40,23,27,59,80,68,323,17,93,387,114,135,85,81,40,33,35,14,21,73,310,148,245,124,16,187,34,119,487,189,184,139,21,11,26,63,16,190,23,14,64,22,46,77,105,49,158,35,10,8,264,112,491,473,360,297,210,243,21,54,32,53,41,25,20,12,14,22,348,209,340,81,96,375,605,79
136,1199,591,403,188,168,474,23,656,1183,126,739,13,416,12,462,388,712,240,28,88,26,7,597,506,1114,616,34,75,8,203,14,365,293,424,180,922,56,21,6,604,42,11,0,9,3,21,10,384,1133,505,9,316,34,48,5,240,453,207,124,294,92,10,22,275,168,132,522,26,148,741,105,444,203,112,32,45,31,4,59,276,409,172,288,124,11,193,27,486,1012,468,316,300,15,8,33,240,9,237,26,6,72,16,47,306,190,48,231,52,7,7,470,468,952,883,589,453,284,507,6,247,11,47,26,30,10,3,5,121,421,248,431,56,94,553,79,1304
