NAME,GSCHOLSEARCH,WOSSEARCH,SCOPSEARCH,MENDSEARCH,WORLDCAT,PUBMED,PAPERI,INSTACC,PAYVIEW,RGATEACCESS,RES4LIFE,OABUT,DEEPDYVE,MAILAUTH,GSCHOLALERT,JRNLTOCS,BROWZINE,MENDALERT,F1000PRI,SPARRHO,RGATEALERT,ACROBAT,HTMLVIEW,IANNOTATE,READCUBE,UTOPDOCS,MENDREAD,HYPOTHES,RTOOL,SPSS,MATLAB,EXCEL,IPYTHON,ROPENSCI,DHBOX,OPSCIFRAM,MYEXP,BENCHLING,PROTOCIO,BENCHFLY,SCIPROT,PROTOCONL,WORD,GTDRIVE,AUTHOREA,LATEX,SCRIVEN,OVERLEAF,SCALAR,ENDNOTE,ZOTERO,REFWORKS,MENDREF,PAPERS,REFME,CITAVI,ARXIV,PMC,INREP,BIORXIV,WORKPAP,RGATESHAREPUB,SSRN,GITHUB,FIGSDATA,ZENODATA,DRYAD,DATAVERSE,PANGAEA,BITBUCK,JCRIFSEL,DOAJ,SCOPSEL,SHERPAROM,QOAM,SCIMAGO,JOURNALYS,JTOPTRAD,JTOPOA,MEGATRAD,MEGAOA,DATAJRNL,WINNOWER,F1000RES,SPEAKER,SLIDSHA,F1000POS,SCIOPPO,FIGSPOST,ZENOPOST,VIMEO,WIKIPEDIA,RESBLOG,WORDPRESS,KUDOS,FAMELAB,PINTSCI,TWITTER,SCHOLARCIT,RGATEPROF,ORCID,ACADEMIA,RESID,INSTPAGE,MYSCIWORK,PERRSCI,PUBLONS,PMCCOMMONS,PUBPEER,PAPARCRIT,RUBRIQ,KARMA,JCRIFIMP,ALTMETRIC,SCOPID,IMPSTOR,PLOSALM,WOSIMP,HARZPOP
GSCHOLSEARCH,NA,1,1,1,1,-1,0,0,0,1,0,1,0,1,1,0,0,0,0,0,0,0,1,0,0,0,1,0,1,0,1,1,0,0,0,0,0,0,0,0,0,0,0,1,0,1,1,0,0,-1,1,0,1,0,0,0,0,-1,1,0,0,1,1,1,0,0,0,0,0,0,0,1,1,0,0,1,0,0,0,0,0,0,0,0,0,1,0,0,0,0,0,0,0,1,0,0,0,1,1,0,0,1,0,0,0,0,0,0,0,0,0,0,0,1,1,1,0,0,1
WOSSEARCH,1,NA,1,1,0,1,0,1,0,1,0,1,0,1,-1,1,1,1,0,0,1,1,1,0,1,0,1,0,1,1,1,1,0,1,0,1,0,0,0,0,1,0,1,1,0,0,0,0,0,1,0,1,1,0,0,0,0,0,1,0,-1,1,0,-1,1,0,1,0,0,-1,1,1,1,1,0,1,0,1,1,1,1,0,0,0,0,1,0,0,1,0,0,-1,1,0,1,0,0,1,1,1,1,0,1,1,0,0,0,0,0,0,0,0,1,1,1,0,0,1,0
SCOPSEARCH,1,1,NA,1,0,0,0,0,0,1,1,1,0,1,0,1,1,1,0,0,1,1,1,0,1,0,1,0,0,1,1,1,-1,1,0,1,0,0,0,0,1,0,1,1,0,0,0,0,0,1,0,1,1,0,1,-1,0,0,1,0,0,1,1,-1,1,1,0,1,0,0,0,1,1,1,0,1,0,1,0,1,0,0,0,0,0,1,0,0,1,0,0,0,1,0,1,0,0,0,1,1,1,1,1,0,0,0,0,0,0,0,0,0,1,1,1,0,0,1,1
MENDSEARCH,1,1,1,NA,1,1,0,0,0,1,1,1,1,1,1,0,0,1,1,1,1,-1,-1,1,1,0,1,1,1,0,1,0,1,1,0,1,0,0,0,0,0,0,0,1,1,1,1,1,0,-1,0,0,1,-1,0,-1,1,0,1,0,0,1,0,1,1,0,0,0,0,1,0,1,1,1,0,1,0,0,1,0,1,0,0,0,0,1,0,0,1,0,0,0,0,1,0,0,0,1,1,1,1,1,1,0,0,0,0,0,0,0,0,0,0,1,1,1,1,1,0
WORLDCAT,1,0,0,1,NA,-1,0,1,1,-1,0,1,0,1,1,1,1,1,0,0,-1,0,1,1,0,0,0,1,-1,0,-1,1,0,0,1,0,0,0,0,0,0,0,1,1,0,-1,1,0,1,0,1,1,0,0,0,1,0,-1,1,0,0,-1,1,0,1,1,0,1,0,0,-1,1,0,1,0,0,0,-1,0,0,0,0,0,0,0,1,0,0,0,0,1,0,0,1,0,0,0,1,0,-1,0,1,0,1,0,0,0,0,0,0,0,1,0,1,0,1,1,0,1
PUBMED,-1,1,0,1,-1,NA,0,1,-1,1,0,1,0,1,-1,1,1,0,1,0,1,1,1,0,1,0,1,0,1,1,-1,1,0,0,0,0,0,0,0,0,1,1,1,0,0,-1,0,0,0,1,0,1,0,0,0,-1,-1,1,-1,1,-1,1,-1,0,1,0,1,0,0,0,1,0,-1,0,0,0,0,1,1,1,1,0,0,1,0,0,1,0,1,0,0,0,0,0,0,0,0,1,-1,1,1,-1,0,0,0,-1,0,1,1,-1,0,0,1,1,-1,0,1,1,-1
PAPERI,0,0,0,0,0,0,NA,0,1,0,1,0,1,1,0,0,0,0,0,0,0,0,1,0,0,0,0,0,-1,0,0,0,0,0,0,0,0,0,0,0,0,0,1,0,0,-1,0,0,0,0,0,0,0,1,1,1,0,0,0,0,1,0,0,-1,0,0,0,0,0,0,0,0,0,0,0,0,1,-1,0,0,0,1,0,0,0,0,0,0,0,0,1,0,0,0,0,0,0,-1,0,0,-1,0,0,0,1,0,0,0,0,1,0,1,0,0,0,0,0,0,0
INSTACC,0,1,0,0,1,1,0,NA,-1,-1,-1,0,0,0,-1,1,0,0,0,0,0,0,1,0,0,0,0,0,1,0,0,0,0,0,0,0,-1,0,0,0,-1,0,0,0,0,1,0,0,0,0,1,0,0,-1,0,0,0,0,1,0,0,0,0,1,0,0,0,-1,0,0,1,0,0,1,0,0,-1,1,1,0,1,0,0,0,0,0,0,-1,0,0,0,-1,0,0,0,0,0,1,0,0,1,0,1,1,0,0,0,0,0,0,0,0,1,0,0,0,0,1,0
PAYVIEW,0,0,0,0,1,-1,1,-1,NA,0,1,0,1,1,1,0,0,0,0,0,0,1,1,0,0,0,0,1,-1,0,0,1,0,0,0,1,1,0,0,0,1,0,1,0,0,-1,0,0,0,1,0,0,-1,1,1,1,0,0,0,0,1,0,0,-1,0,0,0,1,0,0,-1,0,1,0,1,0,1,0,0,1,-1,1,0,0,0,0,0,1,0,0,1,1,1,0,0,0,0,-1,0,-1,-1,0,0,0,1,1,0,0,0,0,0,0,0,0,1,0,0,0,0
RGATEACCESS,1,1,1,1,-1,1,0,-1,0,NA,1,1,1,1,0,0,-1,1,0,0,1,1,0,0,1,0,1,0,1,1,1,1,0,0,0,1,0,0,0,0,1,1,1,1,0,0,0,0,0,1,0,0,1,0,0,-1,-1,0,-1,-1,-1,1,0,0,1,0,0,0,0,0,1,0,1,0,0,1,0,1,1,1,1,0,0,0,0,0,0,0,0,0,0,-1,1,0,1,0,0,1,1,1,1,1,1,-1,0,0,1,0,0,0,0,0,1,0,1,0,0,1,1
RES4LIFE,0,0,1,1,0,0,1,-1,1,1,NA,1,1,0,1,1,1,1,0,1,0,0,0,0,1,1,0,1,0,1,0,0,0,1,1,1,1,0,1,1,1,1,0,1,1,0,0,0,1,0,0,0,0,1,1,0,0,0,0,0,0,0,0,0,1,0,0,1,1,0,0,1,0,0,1,0,1,-1,0,1,0,1,0,1,0,0,0,1,0,1,0,1,1,0,0,1,1,0,1,0,0,1,0,0,1,0,0,0,0,1,0,1,0,0,0,1,0,0,0
OABUT,1,1,1,1,1,1,0,0,0,1,1,NA,1,1,0,1,1,1,1,0,1,0,1,0,1,0,1,1,1,1,0,1,0,1,0,1,0,0,0,0,0,0,1,1,1,0,0,0,0,1,1,0,1,0,0,0,0,1,1,0,0,1,0,0,1,1,1,0,0,0,1,1,0,1,0,1,0,0,1,1,1,1,0,1,0,1,0,0,1,0,0,0,1,1,0,0,0,1,1,1,1,1,1,0,1,0,0,1,0,0,0,0,1,1,1,1,1,1,0
DEEPDYVE,0,0,0,1,0,0,1,0,1,1,1,1,NA,1,0,0,0,1,1,1,0,0,0,0,1,1,0,0,0,0,0,0,0,1,1,0,1,0,1,0,1,0,0,0,1,0,0,0,1,0,0,0,0,1,0,0,0,0,0,0,0,0,0,0,0,0,0,0,0,0,0,0,0,0,1,0,1,0,0,0,0,1,1,0,0,0,0,1,0,0,0,0,1,0,0,0,1,0,0,0,0,0,0,0,1,0,0,0,0,0,0,0,0,0,0,0,0,0,0
MAILAUTH,1,1,1,1,1,1,1,0,1,1,0,1,1,NA,0,1,0,0,0,0,1,0,1,1,1,0,0,0,1,1,0,1,0,1,0,0,0,0,0,0,0,0,0,1,0,0,0,0,0,0,0,0,0,0,0,0,0,0,1,0,1,1,0,0,0,0,0,0,0,0,1,0,0,0,0,0,0,0,1,1,1,0,0,0,0,0,0,0,0,0,0,0,1,1,0,0,0,1,1,1,1,1,1,1,0,0,1,0,0,0,0,0,0,1,1,0,1,1,0
GSCHOLALERT,1,-1,0,1,1,-1,0,-1,1,0,1,0,0,0,NA,-1,0,1,0,0,-1,0,0,0,0,0,0,1,0,0,1,0,1,1,0,1,1,0,0,0,1,0,0,1,0,1,0,0,0,0,1,0,0,1,0,0,1,0,1,0,1,-1,1,1,0,0,0,0,0,1,0,1,1,0,0,1,1,0,-1,0,-1,1,0,0,0,1,0,0,0,0,1,1,1,1,0,0,0,0,1,-1,0,1,1,0,1,1,0,0,0,0,0,1,0,1,1,1,0,-1,1
JRNLTOCS,0,1,1,0,1,1,0,1,0,0,1,1,0,1,-1,NA,1,0,1,1,0,0,1,1,1,0,0,0,1,0,0,0,0,1,0,0,0,0,0,0,0,0,1,0,0,0,1,0,0,1,0,0,0,1,0,0,0,1,1,0,0,0,0,0,1,0,1,0,0,0,1,1,0,1,0,0,0,1,1,1,1,0,0,1,0,0,1,0,1,0,0,-1,1,1,0,0,0,1,0,1,1,1,1,1,0,0,1,0,0,0,0,0,1,1,0,1,1,1,1
BROWZINE,0,1,1,0,1,1,0,0,0,-1,1,1,0,0,0,1,NA,1,1,1,-1,0,0,1,0,1,0,1,0,0,0,1,0,0,1,0,0,1,0,1,0,0,0,1,1,0,1,0,1,0,1,1,1,0,1,0,0,0,1,0,0,-1,0,0,1,1,1,0,0,0,0,1,0,1,0,0,0,0,1,0,0,1,1,0,0,1,1,0,1,0,0,0,0,1,0,0,0,1,0,-1,1,0,0,0,1,0,0,1,0,0,1,0,0,1,0,1,1,0,0
MENDALERT,0,1,1,1,1,0,0,0,0,1,1,1,1,0,1,0,1,NA,1,1,1,-1,0,0,1,1,1,0,1,0,0,1,1,1,0,1,0,0,0,0,0,0,0,1,1,1,1,1,1,-1,1,0,1,0,1,0,1,0,1,0,0,0,0,1,1,1,0,0,0,0,0,1,1,1,0,1,0,0,0,0,0,1,0,1,0,1,0,0,1,1,1,0,1,1,0,0,0,1,1,1,1,1,1,0,0,0,0,0,0,0,0,0,0,1,1,1,1,1,0
F1000PRI,0,0,0,1,0,1,0,0,0,0,0,1,1,0,0,1,1,1,NA,1,0,0,0,0,1,1,0,0,1,-1,0,0,0,1,0,0,0,0,0,0,0,0,0,0,0,0,0,1,0,1,0,0,0,1,0,0,0,1,0,1,0,0,0,0,1,1,1,0,0,0,0,0,0,1,0,0,0,0,1,0,1,0,0,1,0,0,1,0,1,0,0,0,0,0,0,0,0,0,0,0,1,0,1,0,0,0,0,1,0,0,0,0,0,1,0,1,1,0,0
SPARRHO,0,0,0,1,0,0,0,0,0,0,1,0,1,0,0,1,1,1,1,NA,0,0,0,0,1,1,1,1,0,0,0,0,1,1,1,0,0,0,1,1,1,1,0,1,1,0,1,1,1,0,0,0,1,0,1,1,0,0,0,1,0,0,0,0,1,1,1,0,0,0,0,1,0,1,1,0,1,0,0,0,1,1,1,0,0,0,1,1,1,1,0,0,1,0,1,1,1,0,0,0,1,0,0,0,1,0,1,0,1,0,0,1,0,1,0,1,0,0,0
RGATEALERT,0,1,1,1,-1,1,0,0,0,1,0,1,0,1,-1,0,-1,1,0,0,NA,1,0,0,1,0,1,0,0,1,1,1,0,0,0,0,0,0,0,0,1,0,1,0,0,0,0,0,0,1,0,0,1,0,0,0,-1,0,-1,-1,-1,1,0,0,0,0,0,0,0,0,1,0,1,-1,0,1,0,1,0,1,0,0,0,0,0,0,0,0,0,0,0,-1,1,0,1,0,0,0,0,1,1,1,1,-1,0,0,1,0,0,0,0,0,1,-1,1,-1,0,1,0
ACROBAT,0,1,1,-1,0,1,0,0,1,1,0,0,0,0,0,0,0,-1,0,0,1,NA,1,-1,0,0,-1,-1,-1,1,0,1,-1,0,0,0,0,0,0,0,1,0,1,0,-1,-1,-1,-1,0,1,0,1,-1,-1,0,0,-1,0,0,-1,0,1,0,-1,0,0,0,1,0,-1,1,0,1,-1,0,0,0,0,0,1,0,0,0,0,0,0,0,0,-1,0,0,1,0,0,0,0,0,-1,0,0,-1,0,0,0,0,0,0,0,0,0,0,0,1,-1,1,-1,0,0,0
HTMLVIEW,1,1,1,-1,1,1,1,1,1,0,0,1,0,1,0,1,0,0,0,0,0,1,NA,0,1,0,-1,0,0,0,0,1,0,1,0,0,0,0,0,0,0,0,1,1,0,0,0,0,0,0,1,1,-1,0,0,0,0,1,1,0,1,0,0,0,0,0,0,0,0,0,0,1,0,1,0,0,0,0,1,1,1,0,0,0,0,1,0,0,0,0,0,0,0,1,0,0,0,0,0,0,1,0,0,1,0,0,0,0,0,0,0,0,0,1,0,0,1,1,0
IANNOTATE,0,0,0,1,1,0,0,0,0,0,0,0,0,1,0,1,1,0,0,0,0,-1,0,NA,0,1,0,1,0,0,0,0,0,1,1,0,0,1,0,1,0,0,0,1,1,0,1,1,1,0,0,1,0,1,1,0,0,0,1,0,0,0,0,0,0,1,0,0,0,0,0,0,0,0,1,0,0,0,0,0,0,0,0,0,0,0,0,0,0,0,0,0,0,1,0,0,0,1,0,0,0,1,0,1,0,0,0,0,0,0,0,0,0,1,0,0,0,0,1
READCUBE,0,1,1,1,0,1,0,0,0,1,1,1,1,1,0,1,0,1,1,1,1,0,1,0,NA,1,1,0,1,0,1,1,0,1,0,0,0,0,0,0,0,1,1,1,0,0,0,0,0,1,0,0,1,0,0,0,0,1,0,1,-1,1,0,0,1,0,1,0,0,0,1,0,1,0,0,0,0,0,1,1,1,0,0,1,0,0,1,0,1,0,0,0,0,0,1,0,0,0,0,1,1,0,1,0,0,0,1,1,0,0,0,0,1,1,0,0,1,1,0
UTOPDOCS,0,0,0,0,0,0,0,0,0,0,1,0,1,0,0,0,1,1,1,1,0,0,0,1,1,NA,0,1,0,0,0,0,0,1,1,1,1,1,0,1,0,0,0,0,1,0,0,1,1,0,0,0,0,1,1,0,1,0,0,1,0,0,0,0,0,0,1,1,0,0,0,0,0,0,1,0,1,0,0,0,0,1,1,1,0,0,0,0,0,0,0,0,0,0,0,1,0,0,0,0,0,0,0,0,1,0,0,0,0,0,0,0,0,0,0,1,0,0,0
MENDREAD,1,1,1,1,0,1,0,0,0,1,0,1,0,0,0,0,0,1,0,1,1,-1,-1,0,1,0,NA,0,1,0,1,0,1,1,0,0,0,0,0,0,0,0,0,1,1,1,1,1,0,-1,0,-1,1,-1,0,-1,1,0,1,1,0,1,0,1,1,0,0,0,0,1,0,1,1,1,0,1,0,0,1,0,1,0,0,0,0,1,0,0,1,0,0,-1,0,1,0,0,0,1,1,1,1,1,1,0,0,0,0,0,0,0,0,0,0,1,1,1,1,1,0
HYPOTHES,0,0,0,1,1,0,0,0,1,0,1,1,0,0,1,0,1,0,0,1,0,-1,0,1,0,1,0,NA,0,0,0,0,1,1,1,1,1,0,1,1,1,0,0,1,1,0,1,1,1,0,1,0,0,0,1,1,1,0,0,1,0,0,0,0,1,1,0,1,0,0,0,1,0,1,1,0,1,-1,0,0,0,1,1,1,1,0,0,0,1,1,0,0,1,1,0,1,0,1,0,0,0,1,0,0,1,0,0,0,0,0,0,1,0,1,0,1,1,0,0
RTOOL,1,1,0,1,-1,1,-1,1,-1,1,0,1,0,1,0,1,0,1,1,0,0,-1,0,0,1,0,1,0,NA,-1,1,0,1,1,0,0,0,0,0,0,0,0,-1,1,1,1,0,1,0,-1,1,-1,1,0,0,0,1,1,0,1,0,1,0,1,0,0,1,-1,0,1,1,0,-1,0,0,0,0,1,1,0,1,0,0,0,0,0,1,0,1,1,0,0,0,0,0,0,0,1,1,1,1,0,1,0,0,0,1,0,0,0,0,0,0,1,-1,0,1,1,0
SPSS,0,1,1,0,0,1,0,0,0,1,1,1,0,1,0,0,0,0,-1,0,1,1,0,0,0,0,0,0,-1,NA,-1,0,-1,0,0,1,0,0,1,0,1,0,1,0,0,-1,0,-1,0,1,-1,1,0,0,0,0,-1,1,0,-1,0,1,1,-1,0,0,0,1,0,-1,1,0,1,-1,0,1,1,0,0,1,0,0,0,0,0,0,0,1,0,0,0,-1,1,0,1,0,0,0,0,1,0,1,0,0,0,0,0,1,0,0,0,0,1,-1,0,0,0,0,1
MATLAB,1,1,1,1,-1,-1,0,0,0,1,0,0,0,0,1,0,0,0,0,0,1,0,0,0,1,0,1,0,1,-1,NA,0,1,0,0,1,1,0,0,0,0,0,-1,0,0,1,0,1,0,0,0,0,1,1,0,0,1,0,0,0,0,0,0,1,0,0,0,0,0,0,0,-1,1,-1,0,0,1,1,0,0,0,1,0,0,1,-1,1,1,0,0,0,1,1,0,0,0,0,0,1,1,1,-1,1,0,0,1,0,0,0,0,0,0,0,-1,0,0,0,1,0
EXCEL,1,1,1,0,1,1,0,0,1,1,0,1,0,1,0,0,1,1,0,0,1,1,1,0,1,0,0,0,0,0,0,NA,-1,0,0,0,0,0,0,0,0,1,1,1,0,-1,0,-1,0,1,1,1,0,0,0,1,-1,1,1,-1,1,1,0,-1,0,0,0,0,0,-1,1,1,1,1,0,1,0,0,1,1,1,0,0,0,0,1,0,0,0,0,1,0,0,1,0,0,0,0,0,1,0,1,1,0,0,0,0,0,0,0,0,0,1,0,1,0,0,1,1
IPYTHON,0,0,-1,1,0,0,0,0,0,0,0,0,0,0,1,0,0,1,0,1,0,-1,0,0,0,0,1,1,1,-1,1,-1,NA,1,1,0,0,0,0,0,0,0,-1,1,1,1,0,1,0,-1,1,-1,1,0,0,0,1,0,0,1,0,-1,0,1,0,1,0,0,0,1,0,0,0,0,0,0,0,0,1,0,1,1,0,1,1,0,0,0,1,1,0,0,0,0,0,0,0,1,1,0,1,0,0,0,0,0,0,0,0,0,0,0,0,1,0,1,1,0,0
ROPENSCI,0,1,1,1,0,0,0,0,0,0,1,1,1,1,1,1,0,1,1,1,0,0,1,1,1,1,1,1,1,0,0,0,1,NA,1,1,1,0,1,1,1,0,0,1,1,1,0,1,1,0,0,0,0,1,1,0,1,0,0,1,0,0,0,0,1,1,1,1,0,0,0,1,1,1,1,0,1,0,1,1,1,1,1,1,0,0,0,1,1,1,0,0,1,1,0,1,1,0,1,0,0,0,0,0,1,0,0,0,0,1,0,1,0,1,0,1,1,0,0
DHBOX,0,0,0,0,1,0,0,0,0,0,1,0,1,0,0,0,1,0,0,1,0,0,0,1,0,1,0,1,0,0,0,0,1,1,NA,0,0,1,1,1,1,1,0,1,1,0,1,0,1,0,0,0,0,1,1,0,0,0,0,1,0,0,0,0,0,1,1,0,0,0,0,1,0,0,1,0,1,0,0,0,0,1,0,1,0,0,0,1,1,0,1,0,1,0,0,1,1,0,0,0,0,0,0,0,1,0,0,0,0,0,0,1,0,1,0,1,0,0,0
OPSCIFRAM,0,1,1,1,0,0,0,0,1,1,1,1,0,0,1,0,0,1,0,0,0,0,0,0,0,1,0,1,0,1,1,0,0,1,0,NA,0,0,0,0,0,0,1,0,1,0,0,0,0,1,0,1,0,1,0,0,0,0,1,0,1,0,0,1,1,1,0,1,0,0,0,1,1,1,0,0,1,0,0,0,0,1,1,0,1,1,0,1,1,0,0,1,1,1,0,1,0,0,1,0,0,1,0,0,1,1,0,0,0,0,0,0,0,1,1,1,0,0,0
MYEXP,0,0,0,0,0,0,0,-1,1,0,1,0,1,0,1,0,0,0,0,0,0,0,0,0,0,1,0,1,0,0,1,0,0,1,0,0,NA,0,1,0,0,0,0,0,0,0,0,0,1,1,0,0,0,1,1,0,0,0,0,1,0,0,0,0,1,0,1,1,1,0,0,0,0,0,0,0,1,0,0,0,0,1,0,0,1,0,1,1,1,0,0,1,1,0,0,1,1,0,0,0,0,0,0,0,1,1,0,0,0,0,0,0,0,0,0,1,0,0,0
BENCHLING,0,0,0,0,0,0,0,0,0,0,0,0,0,0,0,0,1,0,0,0,0,0,0,1,0,1,0,0,0,0,0,0,0,0,1,0,0,NA,1,0,0,0,0,0,1,0,0,0,1,0,0,0,0,0,0,1,0,0,0,1,0,0,0,0,0,1,0,0,0,0,0,0,0,0,0,0,0,0,0,0,0,0,0,0,0,0,1,0,0,1,0,0,0,0,0,0,1,0,0,0,0,0,0,0,1,0,0,0,0,0,0,0,0,0,0,0,0,0,0
PROTOCIO,0,0,0,0,0,0,0,0,0,0,1,0,1,0,0,0,0,0,0,1,0,0,0,0,0,0,0,1,0,1,0,0,0,1,1,0,1,1,NA,0,1,1,0,0,0,0,0,0,1,0,0,0,0,1,1,0,0,1,0,1,0,0,0,0,1,0,1,1,0,0,0,0,0,0,1,0,1,0,0,1,0,1,0,0,0,0,1,1,0,0,0,1,1,0,0,1,1,0,0,0,0,0,0,0,0,0,0,0,0,0,0,1,0,0,0,0,0,0,0
BENCHFLY,0,0,0,0,0,0,0,0,0,0,1,0,0,0,0,0,1,0,0,1,0,0,0,1,0,1,0,1,0,0,0,0,0,1,1,0,0,0,0,NA,0,0,0,0,0,0,1,0,1,0,0,1,0,1,1,0,1,0,0,1,0,0,1,0,0,1,0,0,1,0,0,0,0,0,0,0,1,0,0,0,0,1,1,0,1,0,0,0,0,0,1,0,0,0,0,1,1,0,0,0,0,0,0,0,0,0,0,0,0,1,0,1,0,0,0,0,0,0,0
SCIPROT,0,1,1,0,0,1,0,-1,1,1,1,0,1,0,1,0,0,0,0,1,1,1,0,0,0,0,0,1,0,1,0,0,0,1,1,0,0,0,1,0,NA,1,1,0,0,-1,0,0,1,1,-1,1,0,1,1,0,0,1,0,0,0,1,0,-1,0,0,0,1,0,0,0,0,1,0,1,1,1,0,0,1,0,1,0,0,0,0,0,1,0,0,0,1,1,0,0,1,0,-1,0,0,0,0,0,0,1,0,0,1,0,1,0,0,1,0,1,0,0,0,0
PROTOCONL,0,0,0,0,0,1,0,0,0,1,1,0,0,0,0,0,0,0,0,1,0,0,0,0,1,0,0,0,0,0,0,1,0,0,1,0,0,0,1,0,1,NA,1,0,0,-1,0,0,1,1,0,0,0,1,0,0,0,1,0,0,0,0,0,0,0,0,0,1,0,0,1,0,0,0,0,0,0,0,1,1,1,0,0,0,0,0,0,1,0,0,0,1,1,0,0,0,0,0,0,0,0,0,0,0,1,0,0,1,0,0,0,0,0,0,0,0,1,0,0
WORD,0,1,1,0,1,1,1,0,1,1,0,1,0,0,0,1,0,0,0,0,1,1,1,0,1,0,0,0,-1,1,-1,1,-1,0,0,1,0,0,0,0,1,1,NA,1,-1,-1,0,-1,0,1,0,1,0,0,0,0,-1,1,0,-1,0,1,0,-1,1,0,1,1,1,-1,1,0,1,0,0,0,0,0,1,1,1,0,0,0,0,0,0,0,0,0,0,0,0,0,0,0,0,-1,-1,1,0,1,0,0,0,0,0,1,0,0,0,0,1,0,1,0,0,0,0
GTDRIVE,1,1,1,1,1,0,0,0,0,1,1,1,0,1,1,0,1,1,0,1,0,0,1,1,1,0,1,1,1,0,0,1,1,1,1,0,0,0,0,0,0,0,1,NA,1,0,1,1,1,0,1,1,1,0,1,0,0,0,1,1,0,0,1,1,1,1,1,0,0,0,-1,1,1,1,0,1,0,-1,1,1,1,1,1,1,0,1,0,-1,1,0,1,0,0,1,0,0,0,1,1,0,1,1,1,1,0,0,0,1,0,0,0,1,0,1,1,1,1,0,1
AUTHOREA,0,0,0,1,0,0,0,0,0,0,1,1,1,0,0,0,1,1,0,1,0,-1,0,1,0,1,1,1,1,0,0,0,1,1,1,1,0,1,0,0,0,0,-1,1,NA,1,1,1,1,0,1,0,1,0,0,0,1,0,0,1,0,0,0,1,1,1,0,0,0,0,0,1,0,1,1,0,0,0,1,0,1,1,1,1,1,0,1,0,1,1,0,0,0,1,0,0,0,1,0,0,1,0,1,0,1,0,0,0,0,0,0,0,0,1,0,1,0,0,0
LATEX,1,0,0,1,-1,-1,-1,1,-1,0,0,0,0,0,1,0,0,1,0,0,0,-1,0,0,0,0,1,0,1,-1,1,-1,1,1,0,0,0,0,0,0,-1,-1,-1,0,1,NA,0,1,0,-1,0,-1,1,0,0,0,1,-1,0,1,0,-1,0,1,-1,0,-1,-1,0,1,0,-1,0,0,0,0,0,1,0,-1,0,0,0,0,0,0,0,0,1,1,0,0,0,0,0,0,0,1,1,0,1,-1,1,1,0,0,0,0,0,0,0,0,-1,0,0,0,0,0,0
SCRIVEN,1,0,0,1,1,0,0,0,0,0,0,0,0,0,0,1,1,1,0,1,0,-1,0,1,0,0,1,1,0,0,0,0,0,0,1,0,0,0,0,1,0,0,0,1,1,0,NA,0,1,0,1,0,0,1,0,0,0,0,0,0,0,0,0,0,0,0,0,0,0,0,0,1,0,1,0,0,0,0,0,0,0,0,0,0,0,0,0,0,0,0,0,-1,0,1,0,0,0,1,0,0,0,1,0,1,0,0,0,0,0,0,0,0,0,1,0,1,0,0,0
OVERLEAF,0,0,0,1,0,0,0,0,0,0,0,0,0,0,0,0,0,1,1,1,0,-1,0,1,0,1,1,1,1,-1,1,-1,1,1,0,0,0,0,0,0,0,0,-1,1,1,1,0,NA,1,-1,0,0,1,0,0,0,1,0,0,1,0,0,0,1,1,1,0,0,0,1,0,0,0,1,0,0,0,0,1,0,1,1,1,1,0,0,0,0,1,1,0,0,0,1,0,0,0,1,1,0,1,0,0,0,0,0,1,0,0,0,0,0,0,1,0,1,0,0,0
SCALAR,0,0,0,0,1,0,0,0,0,0,1,0,1,0,0,0,1,1,0,1,0,0,0,1,0,1,0,1,0,0,0,0,0,1,1,0,1,1,1,1,1,1,0,1,1,0,1,1,NA,0,1,1,0,0,1,0,1,0,0,1,0,0,0,0,1,0,0,1,1,0,0,0,0,1,1,0,1,0,0,0,0,1,1,1,1,0,0,1,1,1,0,0,1,0,1,1,1,0,0,0,0,0,0,0,1,0,0,0,0,0,1,1,0,0,0,1,0,0,0
ENDNOTE,-1,1,1,-1,0,1,0,0,1,1,0,1,0,0,0,1,0,-1,1,0,1,1,0,0,1,0,-1,0,-1,1,0,1,-1,0,0,1,1,0,0,0,1,1,1,0,0,-1,0,-1,0,NA,-1,-1,-1,-1,0,-1,-1,1,0,0,-1,1,0,-1,1,0,0,1,1,-1,1,0,0,0,0,0,0,1,1,1,1,0,0,0,0,0,0,1,0,0,0,0,1,0,1,0,0,-1,0,1,0,0,1,0,0,0,0,1,0,0,0,0,1,0,0,0,0,1,0
ZOTERO,1,0,0,0,1,0,0,1,0,0,0,1,0,0,1,0,1,1,0,0,0,0,1,0,0,0,0,1,1,-1,0,1,1,0,0,0,0,0,0,0,-1,0,0,1,1,0,1,0,1,-1,NA,0,0,-1,0,0,1,0,1,0,0,-1,0,1,1,1,1,0,0,0,0,1,0,1,0,1,0,0,1,0,1,0,0,0,0,1,0,0,0,1,0,0,0,1,0,0,0,1,0,-1,1,1,0,1,0,0,0,0,0,0,0,0,0,1,0,1,1,0,1
REFWORKS,0,1,1,0,1,1,0,0,0,0,0,0,0,0,0,0,1,0,0,0,0,1,1,1,0,0,-1,0,-1,1,0,1,-1,0,0,1,0,0,0,1,1,0,1,1,0,-1,0,0,1,-1,0,NA,-1,-1,1,-1,0,0,1,0,0,0,1,-1,0,0,1,1,0,0,0,1,1,1,0,0,1,0,0,1,0,0,0,0,0,0,0,0,0,0,1,0,1,1,0,1,0,0,0,0,0,1,0,0,1,0,0,0,0,0,0,1,0,0,1,0,0,0,0
MENDREF,1,1,1,1,0,0,0,0,-1,1,0,1,0,0,0,0,1,1,0,1,1,-1,-1,0,1,0,1,0,1,0,1,0,1,0,0,0,0,0,0,0,0,0,0,1,1,1,0,1,0,-1,0,-1,NA,-1,0,-1,1,0,1,1,0,1,0,1,1,1,0,0,0,1,0,1,1,1,0,1,0,0,1,0,1,0,0,0,0,1,0,0,1,0,0,-1,0,1,0,0,0,1,1,1,1,1,1,0,0,0,1,0,0,0,0,0,0,1,1,1,0,1,1
PAPERS,0,0,0,-1,0,0,1,-1,1,0,1,0,1,0,1,1,0,0,1,0,0,-1,0,1,0,1,-1,0,0,0,1,0,0,1,1,1,1,0,1,1,1,1,0,0,0,0,1,0,0,-1,-1,-1,-1,NA,0,0,1,1,0,1,1,0,0,0,0,0,0,1,0,0,0,0,0,0,1,0,1,0,0,0,0,1,1,1,0,0,0,1,0,0,0,1,1,0,0,1,1,0,1,0,0,0,0,0,1,0,0,0,0,1,0,0,0,0,0,0,1,0,0
REFME,0,0,1,0,0,0,1,0,1,0,1,0,0,0,0,0,1,1,0,1,0,0,0,1,0,1,0,1,0,0,0,0,0,1,1,0,1,0,1,1,1,0,0,1,0,0,0,0,1,0,0,1,0,0,NA,0,0,0,1,1,0,0,0,0,1,0,0,1,0,0,0,1,0,1,1,0,1,0,0,0,0,1,1,0,0,0,0,0,0,0,1,0,1,1,0,1,0,0,0,0,0,0,0,0,1,0,0,0,0,0,0,0,0,1,0,1,0,0,0
CITAVI,0,0,-1,-1,1,-1,1,0,1,-1,0,0,0,0,0,0,0,0,0,1,0,0,0,0,0,0,-1,1,0,0,0,1,0,0,0,0,0,1,0,0,0,0,0,0,0,0,0,0,0,-1,0,-1,-1,0,0,NA,0,0,0,0,0,0,0,0,0,1,0,0,0,0,0,1,0,1,1,0,1,0,0,0,0,0,0,0,0,0,0,0,0,1,1,1,0,1,0,0,0,0,-1,-1,-1,0,0,0,1,0,0,0,0,1,0,1,0,0,0,0,0,0,0
ARXIV,0,0,0,1,0,-1,0,0,0,-1,0,0,0,0,1,0,0,1,0,0,-1,-1,0,0,0,1,1,1,1,-1,1,-1,1,1,0,0,0,0,0,1,0,0,-1,0,1,1,0,1,1,-1,1,0,1,1,0,0,NA,0,0,1,0,-1,0,1,1,1,0,0,0,1,0,1,0,1,1,0,0,0,0,0,0,1,1,1,1,0,0,0,1,1,0,1,1,1,0,1,0,1,1,-1,1,-1,1,0,1,0,0,0,0,0,0,0,0,1,0,1,1,0,0
PMC,-1,0,0,0,-1,1,0,0,0,0,0,1,0,0,0,1,0,0,1,0,0,0,1,0,1,0,0,0,1,1,0,1,0,0,0,0,0,0,1,0,1,1,1,0,0,-1,0,0,0,1,0,0,0,1,0,0,0,NA,-1,1,-1,0,-1,0,1,0,1,1,0,0,1,0,0,0,0,0,0,0,1,1,1,1,0,1,0,0,1,1,1,0,0,1,1,0,0,0,1,0,0,0,1,-1,0,0,0,-1,0,1,1,0,0,0,1,1,0,1,1,0,0
INREP,1,1,1,1,1,-1,0,1,0,-1,0,1,0,1,1,1,1,1,0,0,-1,0,1,1,0,0,1,0,0,0,0,1,0,0,0,1,0,0,0,0,0,0,0,1,0,0,0,0,0,0,1,1,1,0,1,0,0,-1,NA,0,-1,-1,0,0,1,1,1,0,0,0,1,1,0,1,0,1,0,0,1,0,0,0,0,0,0,1,0,0,1,0,0,-1,0,1,0,0,0,1,1,-1,1,1,1,1,0,0,0,0,0,0,0,0,1,1,1,1,0,1,1
BIORXIV,0,0,0,0,0,1,0,0,0,-1,0,0,0,0,0,0,0,0,1,1,-1,-1,0,0,1,1,1,1,1,-1,0,-1,1,1,1,0,1,1,1,1,0,0,-1,1,1,1,0,1,1,0,0,0,1,1,1,0,1,1,0,NA,0,-1,0,1,1,1,1,0,0,0,0,0,0,1,1,0,1,-1,1,0,1,1,1,1,0,0,1,1,1,1,0,0,0,0,0,0,1,1,1,-1,1,0,1,0,1,0,1,0,0,0,0,0,0,1,0,1,1,0,0
WORKPAP,0,-1,0,0,0,-1,1,0,1,-1,0,0,0,1,1,0,0,0,0,0,-1,0,1,0,-1,0,0,0,0,0,0,1,0,0,0,1,0,0,0,0,0,0,0,0,0,0,0,0,0,-1,0,0,0,1,0,0,0,-1,-1,0,NA,-1,1,0,0,0,0,1,0,0,-1,0,0,0,1,0,1,0,-1,0,-1,1,0,0,0,0,0,1,0,0,1,1,1,0,0,0,0,-1,0,-1,-1,0,0,1,1,1,-1,0,0,1,0,0,0,0,1,0,0,-1,0
RGATESHAREPUB,1,1,1,1,-1,1,0,0,0,1,0,1,0,1,-1,0,-1,0,0,0,1,1,0,0,1,0,1,0,1,1,0,1,-1,0,0,0,0,0,0,0,1,0,1,0,0,-1,0,0,0,1,-1,0,1,0,0,0,-1,0,-1,-1,-1,NA,0,0,0,0,0,0,0,0,1,-1,1,-1,0,1,0,1,1,1,0,0,0,0,-1,0,0,0,0,0,0,-1,0,0,1,0,0,0,0,1,1,1,1,-1,0,0,1,0,0,0,0,0,1,-1,1,-1,0,1,0
SSRN,1,0,1,0,1,-1,0,0,0,0,0,0,0,0,1,0,0,0,0,0,0,0,0,0,0,0,0,0,0,1,0,0,0,0,0,0,0,0,0,1,0,0,0,1,0,0,0,0,0,0,0,1,0,0,0,0,0,-1,0,0,1,0,NA,0,0,0,0,1,0,0,0,1,0,0,0,1,1,0,-1,0,-1,1,0,0,0,1,0,0,0,0,1,0,0,1,0,0,0,0,1,0,0,1,0,0,1,0,0,0,0,1,0,1,0,0,1,1,0,0,1
GITHUB,1,-1,-1,1,0,0,-1,1,-1,0,0,0,0,0,1,0,0,1,0,0,0,-1,0,0,0,0,1,0,1,-1,1,-1,1,0,0,1,0,0,0,0,-1,0,-1,1,1,1,0,1,0,-1,1,-1,1,0,0,0,1,0,0,1,0,0,0,NA,0,0,0,-1,-1,1,0,0,0,1,0,0,0,0,1,-1,1,0,0,0,1,1,0,0,0,0,1,0,0,1,0,0,0,1,1,0,1,0,0,0,0,0,0,0,0,0,0,0,0,1,-1,1,1,0,0
FIGSDATA,0,1,1,1,1,1,0,0,0,1,1,1,0,0,0,1,1,1,1,1,0,0,0,0,1,0,1,1,0,0,0,0,0,1,0,1,1,0,1,0,0,0,1,1,1,-1,0,1,1,1,1,0,1,0,1,0,1,1,1,1,0,0,0,0,NA,1,1,0,0,0,0,1,0,1,0,1,0,0,1,0,1,1,1,1,0,1,0,0,1,1,0,0,1,1,1,0,0,1,1,0,1,1,1,0,0,0,1,0,0,0,0,0,0,1,1,1,1,0,1
ZENODATA,0,0,1,0,1,0,0,0,0,0,0,1,0,0,0,0,1,1,1,1,0,0,0,1,0,0,0,1,0,0,0,0,1,1,1,1,0,1,0,1,0,0,0,1,1,0,0,1,0,0,1,0,1,0,0,1,1,0,1,1,0,0,0,0,1,NA,1,0,0,0,0,1,0,1,1,1,0,0,0,0,1,1,1,1,0,1,1,0,1,1,0,0,0,1,0,0,0,1,0,0,1,1,1,0,1,0,1,0,0,0,0,0,0,1,0,1,1,0,1
DRYAD,0,1,0,0,0,1,0,0,0,0,0,1,0,0,0,1,1,0,1,1,0,0,0,0,1,1,0,0,1,0,0,0,0,1,1,0,1,0,1,0,0,0,1,1,0,-1,0,0,0,0,1,1,0,0,0,0,0,1,1,1,0,0,0,0,1,1,NA,0,0,0,1,1,0,1,0,0,0,0,1,0,1,1,0,1,0,1,1,1,1,0,0,0,0,0,1,0,0,0,0,0,1,0,1,0,0,0,1,0,0,0,0,0,0,1,0,1,1,0,0
DATAVERSE,0,0,1,0,1,0,0,-1,1,0,1,0,0,0,0,0,0,0,0,0,0,1,0,0,0,1,0,1,-1,1,0,0,0,1,0,1,1,0,1,0,1,1,1,0,0,-1,0,0,1,1,0,1,0,1,1,0,0,1,0,0,1,0,1,-1,0,0,0,NA,0,-1,0,1,0,0,1,0,1,0,0,1,0,1,0,0,1,0,0,1,0,0,0,1,1,0,0,1,0,-1,0,0,0,0,0,0,1,0,0,0,0,1,0,0,0,0,0,0,0,0,0
PANGAEA,0,0,0,0,0,0,0,0,0,0,1,0,0,0,0,0,0,0,0,0,0,0,0,0,0,0,0,0,0,0,0,0,0,0,0,0,1,0,0,1,0,0,1,0,0,0,0,0,1,1,0,0,0,0,0,0,0,0,0,0,0,0,0,-1,0,0,0,0,NA,0,0,0,0,0,1,0,1,0,0,0,0,1,0,0,0,0,0,0,0,0,1,0,0,0,0,0,1,0,0,0,0,0,0,0,1,0,0,0,0,1,1,0,0,0,0,0,0,0,0
BITBUCK,0,-1,0,1,0,0,0,0,0,0,0,0,0,0,1,0,0,0,0,0,0,-1,0,0,0,0,1,0,1,-1,0,-1,1,0,0,0,0,0,0,0,0,0,-1,0,0,1,0,1,0,-1,0,0,1,0,0,0,1,0,0,0,0,0,0,1,0,0,0,-1,0,NA,0,0,0,0,0,0,0,0,0,0,0,0,0,0,0,0,0,0,0,0,1,0,0,0,0,0,0,1,1,0,0,0,0,0,0,0,0,0,0,0,0,0,0,0,0,0,0,0,0
JCRIFSEL,0,1,0,0,-1,1,0,1,-1,1,0,1,0,1,0,1,0,0,0,0,1,1,0,0,1,0,0,0,1,1,0,1,0,0,0,0,0,0,0,0,0,1,1,-1,0,0,0,0,0,1,0,0,0,0,0,0,0,1,1,0,-1,1,0,0,0,0,1,0,0,0,NA,-1,-1,0,0,1,-1,1,1,1,1,0,0,0,0,0,0,0,0,0,0,0,0,0,0,0,0,0,0,1,1,-1,1,0,0,0,1,1,0,0,0,0,1,0,-1,0,0,1,0
DOAJ,1,1,1,1,1,0,0,0,0,0,1,1,0,0,1,1,1,1,0,1,0,0,1,0,0,0,1,1,0,0,-1,1,0,1,1,1,0,0,0,0,0,0,0,1,1,-1,1,0,0,0,1,1,1,0,1,1,1,0,1,0,0,-1,1,0,1,1,1,1,0,0,-1,NA,1,1,1,1,0,-1,1,0,1,1,1,1,0,1,0,0,1,1,0,0,1,1,0,0,0,1,0,0,1,1,1,0,1,0,0,1,0,0,0,0,0,1,1,1,1,1,1
SCOPSEL,1,1,1,1,0,-1,0,0,1,1,0,0,0,0,1,0,0,1,0,0,1,1,0,0,1,0,1,0,-1,1,1,1,0,1,0,1,0,0,0,0,1,0,1,1,0,0,0,0,0,0,0,1,1,0,0,0,0,0,0,0,0,1,0,0,0,0,0,0,0,0,-1,1,NA,0,0,1,0,1,0,1,0,0,0,0,0,1,0,1,0,0,0,1,1,0,1,0,0,0,1,1,1,1,1,0,0,0,0,0,0,0,0,0,-1,0,1,0,0,1,0
SHERPAROM,0,1,1,1,1,0,0,1,0,0,0,1,0,0,0,1,1,1,1,1,-1,-1,1,0,0,0,1,1,0,-1,-1,1,0,1,0,1,0,0,0,0,0,0,0,1,1,0,1,1,1,0,1,1,1,0,1,1,1,0,1,1,0,-1,0,1,1,1,1,0,0,0,0,1,0,NA,0,1,-1,-1,1,0,1,1,1,1,0,1,0,0,1,1,0,0,0,1,0,0,0,1,0,0,1,1,1,1,1,0,0,1,0,0,0,1,0,1,1,1,1,1,1
QOAM,0,0,0,0,0,0,0,0,1,0,1,0,1,0,0,0,0,0,0,1,0,0,0,1,0,1,0,1,0,0,0,0,0,1,1,0,0,0,1,0,1,0,0,0,1,0,0,0,1,0,0,0,0,1,1,1,1,0,0,1,1,0,0,0,0,1,0,1,1,0,0,1,0,0,NA,0,1,0,0,0,0,1,1,1,1,0,0,1,0,0,0,1,1,0,0,1,1,0,0,0,0,0,0,0,1,1,0,0,0,1,0,1,0,1,0,1,0,0,0
SCIMAGO,1,1,1,1,0,0,0,0,0,1,0,1,0,0,1,0,0,1,0,0,1,0,0,0,0,0,1,0,0,1,0,1,0,0,0,0,0,0,0,0,1,0,0,1,0,0,0,0,0,0,1,0,1,0,0,0,0,0,1,0,0,1,1,0,1,1,0,0,0,0,1,1,1,1,0,NA,0,1,0,1,0,0,0,0,0,1,0,0,1,0,0,0,1,0,1,0,0,0,1,1,1,1,1,0,0,0,1,0,0,0,0,0,1,1,1,1,0,1,1
JOURNALYS,0,0,0,0,0,0,1,-1,1,0,1,0,1,0,1,0,0,0,0,1,0,0,0,0,0,1,0,1,0,1,1,0,0,1,1,1,1,0,1,1,1,0,0,0,0,0,0,0,1,0,0,1,0,1,1,1,0,0,0,1,1,0,1,0,0,0,0,1,1,0,-1,0,0,-1,1,0,NA,-1,-1,1,0,1,1,0,0,0,0,1,0,0,1,1,1,0,0,1,1,0,0,-1,-1,0,-1,0,1,1,0,0,0,1,0,1,-1,0,0,1,1,0,0
JTOPTRAD,0,1,1,0,-1,1,-1,1,0,1,-1,0,0,0,0,1,0,0,0,0,1,0,0,0,0,0,0,-1,1,0,1,0,0,0,0,0,0,0,0,0,0,0,0,-1,0,1,0,0,0,1,0,0,0,0,0,0,0,0,0,-1,0,1,0,0,0,0,0,0,0,0,1,-1,1,-1,0,1,-1,NA,0,0,0,-1,-1,-1,0,0,0,0,0,0,0,0,0,0,0,0,0,0,0,1,1,-1,1,0,0,0,1,0,0,0,0,0,1,-1,0,-1,0,1,0
JTOPOA,0,1,0,1,0,1,0,1,0,1,0,1,0,1,-1,1,1,0,1,0,0,0,1,0,1,0,1,0,1,0,0,1,1,1,0,0,0,0,0,0,0,1,1,1,1,0,0,1,0,1,1,0,1,0,0,0,0,1,1,1,-1,1,-1,1,1,0,1,0,0,0,1,1,0,1,0,0,-1,0,NA,1,1,0,0,1,0,0,1,0,1,0,0,0,0,0,0,0,0,1,0,1,1,-1,1,1,0,-1,1,1,1,-1,0,0,1,1,0,1,1,1,0
MEGATRAD,0,1,1,0,0,1,0,0,1,1,1,1,0,1,0,1,0,0,0,0,1,1,1,0,1,0,0,0,0,1,0,1,0,1,0,0,0,0,1,0,1,1,1,1,0,-1,0,0,0,1,0,1,0,0,0,0,0,1,0,0,0,1,0,-1,0,0,0,1,0,0,1,0,1,0,0,1,1,0,1,NA,1,1,0,0,0,0,0,1,0,0,1,1,1,0,0,0,0,0,1,1,1,0,0,0,0,0,0,1,0,0,0,1,1,0,1,0,1,1,0
MEGAOA,0,1,0,1,0,1,0,1,-1,1,0,1,0,1,-1,1,0,0,1,1,0,0,1,0,1,0,1,0,1,0,0,1,1,1,0,0,0,0,0,0,0,1,1,1,1,0,0,1,0,1,1,0,1,0,0,0,0,1,0,1,-1,0,-1,1,1,1,1,0,0,0,1,1,0,1,0,0,0,0,1,1,NA,1,1,1,0,0,1,0,1,1,0,0,0,0,0,0,0,1,1,1,1,-1,1,0,0,-1,1,1,1,-1,0,0,1,1,-1,1,1,1,0
DATAJRNL,0,0,0,0,0,0,1,0,1,0,1,1,1,0,1,0,1,1,0,1,0,0,0,0,0,1,0,1,0,0,1,0,1,1,1,1,1,0,1,1,1,0,0,1,1,0,0,1,1,0,0,0,0,1,1,0,1,1,0,1,1,0,1,0,1,1,1,1,1,0,0,1,0,1,1,0,1,-1,0,1,1,NA,1,1,1,0,1,1,1,0,0,1,1,1,0,1,1,0,0,0,0,0,1,0,1,1,0,0,1,1,0,1,0,1,0,1,1,0,0
WINNOWER,0,0,0,0,0,0,0,0,0,0,0,0,1,0,0,0,1,0,0,1,0,0,0,0,0,1,0,1,0,0,0,0,0,1,0,1,0,0,0,1,0,0,0,1,1,0,0,1,1,0,0,0,0,1,1,0,1,0,0,1,0,0,0,0,1,1,0,0,0,0,0,1,0,1,1,0,1,-1,0,0,1,1,NA,1,1,0,1,1,1,1,0,0,0,1,0,0,1,1,0,0,0,0,0,0,1,0,0,0,0,0,0,1,0,1,0,1,1,0,0
F1000RES,0,0,0,0,0,1,0,0,0,0,1,1,0,0,0,1,0,1,1,0,0,0,0,0,1,1,0,1,0,0,0,0,1,1,1,0,0,0,0,0,0,0,0,1,1,0,0,1,1,0,0,0,0,1,0,0,1,1,0,1,0,0,0,0,1,1,1,0,0,0,0,1,0,1,1,0,0,-1,1,0,1,1,1,NA,0,0,1,0,1,1,0,0,0,0,0,0,1,0,0,0,1,0,0,0,1,0,0,1,0,0,0,0,0,1,0,1,1,0,0
SPEAKER,0,0,0,0,0,0,0,0,0,0,0,0,0,0,0,0,0,0,0,0,0,0,0,0,0,0,0,1,0,0,1,0,1,0,0,1,1,0,0,1,0,0,0,0,1,0,0,0,1,0,0,0,0,0,0,0,1,0,0,0,0,-1,0,1,0,0,0,1,0,0,0,0,0,0,1,0,0,0,0,0,0,1,1,0,NA,-1,0,0,0,0,0,1,1,0,0,0,1,-1,0,0,0,0,0,0,0,1,0,0,0,0,0,0,0,0,0,0,0,0,0
SLIDSHA,1,1,1,1,1,0,0,0,0,0,0,1,0,0,1,0,1,1,0,0,0,0,1,0,0,0,1,0,0,0,-1,1,0,0,0,1,0,0,0,0,0,0,0,1,0,0,0,0,0,0,1,0,1,0,0,0,0,0,1,0,0,0,1,1,1,1,1,0,0,0,0,1,1,1,0,1,0,0,0,0,0,0,0,0,-1,NA,-1,-1,0,0,0,0,0,1,0,0,0,1,1,0,1,1,1,0,0,0,0,1,0,0,0,0,0,1,1,1,0,0,1
F1000POS,0,0,0,0,0,1,0,0,0,0,0,0,0,0,0,1,1,0,1,1,0,0,0,0,1,0,0,0,1,0,1,0,0,0,0,0,1,1,1,0,0,0,0,0,1,0,0,0,0,0,0,0,0,0,0,0,0,1,0,1,0,0,0,0,0,1,1,0,0,0,0,0,0,0,0,0,0,0,1,0,1,1,1,1,0,-1,NA,0,0,0,0,0,1,0,0,0,0,0,0,0,1,0,0,0,1,0,0,1,0,0,0,0,0,0,0,1,1,0,0
SCIOPPO,0,0,0,0,0,0,0,-1,1,0,1,0,1,0,0,0,0,0,0,1,0,0,0,0,0,0,0,0,0,1,1,0,0,1,1,1,1,0,1,0,1,1,0,-1,0,0,0,0,1,1,0,0,0,1,0,0,0,1,0,1,1,0,0,0,0,0,1,1,0,0,0,0,1,0,1,0,1,0,0,1,0,1,1,0,0,-1,0,NA,0,0,0,1,1,0,1,1,1,-1,0,0,-1,0,0,0,1,1,0,0,0,1,0,0,0,-1,0,0,0,0,0
FIGSPOST,0,1,1,1,0,1,0,0,0,0,0,1,0,0,0,1,1,1,1,1,0,-1,0,0,1,0,1,1,1,0,0,0,1,1,1,1,1,0,0,0,0,0,0,1,1,1,0,1,1,0,0,0,1,0,0,0,1,1,1,1,0,0,0,0,1,1,1,0,0,0,0,1,0,1,0,1,0,0,1,0,1,1,1,1,0,0,0,0,NA,1,0,0,1,1,1,0,1,1,1,0,1,0,1,0,1,0,1,0,1,0,0,0,0,1,0,1,1,0,0
ZENOPOST,0,0,0,0,0,0,0,0,0,0,1,0,0,0,0,0,0,1,0,1,0,0,0,0,0,0,0,1,1,0,0,0,1,1,0,0,0,1,0,0,0,0,0,0,1,1,0,1,1,0,1,0,0,0,0,1,1,0,0,1,0,0,0,0,1,1,0,0,0,0,0,1,0,1,0,0,0,0,0,0,1,0,1,1,0,0,0,0,1,NA,0,0,0,0,1,0,0,0,0,0,1,0,1,0,1,1,0,0,0,0,0,0,0,1,0,1,0,0,0
VIMEO,0,0,0,0,1,0,1,0,1,0,0,0,0,0,1,0,0,1,0,0,0,0,0,0,0,0,0,0,0,0,0,1,0,0,1,0,0,0,0,1,0,0,0,1,0,0,0,0,0,0,0,1,0,0,1,1,0,0,0,0,1,0,1,1,0,0,0,0,1,1,0,0,0,0,0,0,1,0,0,1,0,0,0,0,0,0,0,0,0,0,NA,1,0,1,0,0,0,1,0,-1,-1,1,0,0,1,0,0,0,0,0,1,1,0,0,0,0,1,0,0
WIKIPEDIA,0,-1,0,0,0,0,0,-1,1,-1,1,0,0,0,1,-1,0,0,0,0,-1,1,0,0,0,0,-1,0,0,-1,1,0,0,0,0,1,1,0,1,0,1,1,0,0,0,0,-1,0,0,0,0,0,-1,1,0,1,1,1,-1,0,1,-1,0,0,0,0,0,1,0,0,0,0,1,0,1,0,1,0,0,1,0,1,0,0,1,0,0,1,0,0,1,NA,0,0,-1,0,0,-1,1,-1,-1,-1,0,-1,1,1,0,0,0,0,0,0,0,0,0,0,0,0,0
RESBLOG,0,1,1,0,0,0,0,0,1,1,1,1,1,1,1,1,0,1,0,1,1,0,0,0,0,0,0,1,0,1,1,0,0,1,1,1,1,0,1,0,1,1,0,0,0,0,0,0,1,1,0,1,0,1,1,0,1,1,0,0,1,0,0,0,1,0,0,1,0,0,0,1,1,0,1,1,1,0,0,1,0,1,0,0,1,0,1,1,1,0,0,0,NA,0,0,1,1,-1,1,1,0,1,1,0,1,1,0,1,1,1,0,1,0,0,1,1,1,0,0
WORDPRESS,1,0,0,1,1,0,0,0,0,0,0,1,0,1,1,1,1,1,0,0,0,0,1,1,0,0,1,1,0,0,0,1,0,1,0,1,0,0,0,0,0,0,0,1,1,0,1,1,0,0,1,1,1,0,1,1,1,0,1,0,0,0,1,1,1,1,0,0,0,0,0,1,0,1,0,0,0,0,0,0,0,1,1,0,0,1,0,0,1,0,1,0,0,NA,-1,0,0,1,1,0,0,1,0,1,0,0,0,1,0,0,0,1,0,1,0,1,1,0,1
KUDOS,0,1,1,0,0,0,0,0,0,1,0,0,0,0,0,0,0,0,0,1,1,0,0,0,1,0,0,0,0,1,0,0,0,0,0,0,0,0,0,0,0,0,0,0,0,0,0,0,1,1,0,0,0,0,0,0,0,0,0,0,0,1,0,0,1,0,1,0,0,0,0,0,1,0,0,1,0,0,0,0,0,0,0,0,0,0,0,1,1,1,0,-1,0,-1,NA,0,0,-1,0,1,1,1,1,0,1,0,1,0,0,0,0,0,0,0,1,0,0,0,0
FAMELAB,0,0,0,0,0,0,0,0,0,0,1,0,0,0,0,0,0,0,0,1,0,0,0,0,0,1,0,1,0,0,0,0,0,1,1,1,1,0,1,1,1,0,0,0,0,0,0,0,1,0,0,1,0,1,1,0,1,0,0,0,0,0,0,0,0,0,0,1,0,0,0,0,0,0,1,0,1,0,0,0,0,1,0,0,0,0,0,1,0,0,0,0,1,0,0,NA,1,0,0,0,0,0,0,0,1,1,0,0,0,1,0,0,0,0,0,0,1,0,0
PINTSCI,0,0,0,0,0,0,0,0,0,0,1,0,1,0,0,0,0,0,0,1,0,0,0,0,0,0,0,0,0,0,0,0,0,1,1,0,1,1,1,1,0,0,0,0,0,0,0,0,1,0,0,0,0,1,0,0,0,1,0,1,0,0,0,0,0,0,0,0,1,0,0,0,0,0,1,0,1,0,0,0,0,1,1,1,1,0,0,1,1,0,0,0,1,0,0,1,NA,0,0,0,0,0,0,0,1,1,0,0,0,0,0,1,0,0,0,0,0,0,0
TWITTER,1,1,0,1,1,1,-1,1,-1,1,0,1,0,1,0,1,1,1,0,0,0,-1,0,1,0,0,1,1,1,0,0,0,1,0,0,0,0,0,0,0,-1,0,-1,1,1,1,1,1,0,-1,1,0,1,0,0,0,1,0,1,1,-1,0,0,1,1,1,0,-1,0,1,0,1,0,1,0,0,0,0,1,0,1,0,1,0,-1,1,0,-1,1,0,1,-1,-1,1,-1,0,0,NA,1,0,1,1,1,1,0,-1,1,0,0,0,0,0,0,1,0,1,1,1,1
SCHOLARCIT,1,1,1,1,0,-1,0,0,0,1,1,1,0,1,1,0,0,1,0,0,0,0,0,0,0,0,1,0,1,0,1,0,1,1,0,1,0,0,0,0,0,0,-1,1,0,1,0,1,0,0,0,0,1,1,0,-1,1,0,1,1,0,0,1,1,1,0,0,0,0,1,0,0,1,0,0,1,0,0,0,1,1,0,0,0,0,1,0,0,1,0,0,1,1,1,0,0,0,1,NA,1,1,1,1,0,0,0,1,0,0,0,0,0,0,1,1,1,1,1,1
RGATEPROF,0,1,1,1,-1,1,0,0,-1,1,0,1,0,1,-1,1,-1,1,0,0,1,0,0,0,1,0,1,0,1,1,1,1,0,0,0,0,0,0,0,0,0,0,1,0,0,0,0,0,0,1,-1,0,1,0,0,-1,-1,0,-1,-1,-1,1,0,0,0,0,0,0,0,0,1,0,1,0,0,1,-1,1,1,1,1,0,0,0,0,0,0,0,0,0,-1,-1,1,0,1,0,0,0,1,NA,1,1,1,-1,0,0,1,0,0,0,0,0,1,0,1,0,0,1,1
ORCID,0,1,1,1,0,1,-1,1,-1,1,0,1,0,1,0,1,1,1,1,1,1,-1,1,0,1,0,1,0,1,0,1,0,1,0,0,0,0,0,0,0,0,0,0,1,1,1,0,1,0,0,1,0,1,0,0,-1,1,1,1,1,-1,1,0,1,1,1,1,0,0,0,1,1,1,1,0,1,-1,1,1,1,1,0,0,1,0,1,1,-1,1,1,-1,-1,0,0,1,0,0,1,1,1,NA,1,1,1,0,-1,1,0,0,0,0,0,1,1,1,1,1,1,1
ACADEMIA,1,0,1,1,1,-1,0,0,0,1,1,1,0,1,1,1,0,1,0,0,1,0,0,1,0,0,1,1,0,1,-1,1,0,0,0,1,0,0,0,0,0,0,1,1,0,-1,1,0,0,0,1,1,1,0,0,0,-1,-1,1,0,0,1,1,0,1,1,0,0,0,0,-1,1,1,1,0,1,0,-1,-1,0,-1,0,0,0,0,1,0,0,0,0,1,-1,1,1,1,0,0,1,1,1,1,NA,1,1,1,0,1,0,0,1,1,1,0,1,1,1,0,0,1
RESID,0,1,1,1,0,0,0,1,0,1,0,1,0,1,1,1,0,1,1,0,1,0,0,0,1,0,1,0,1,0,1,1,0,0,0,0,0,0,0,0,0,0,0,1,1,1,0,0,0,1,0,0,1,0,0,0,1,0,1,1,0,1,0,0,1,1,1,0,0,0,1,1,1,1,0,1,-1,1,1,0,1,1,0,0,0,1,0,0,1,1,0,0,1,0,1,0,0,1,1,1,1,1,NA,1,1,0,1,0,0,0,0,0,1,1,1,1,1,1,1
INSTPAGE,0,1,0,0,1,0,0,1,0,-1,0,0,0,1,0,1,0,0,0,0,-1,0,1,1,0,0,0,0,0,0,0,0,0,0,0,0,0,0,0,0,0,0,0,1,0,1,1,0,0,0,1,0,0,0,0,0,0,0,1,0,1,-1,0,0,0,0,0,0,0,0,0,0,0,1,0,0,0,0,1,0,0,0,0,0,0,0,0,0,0,0,0,-1,0,1,0,0,0,1,0,-1,1,1,1,NA,0,0,0,0,0,0,0,0,0,1,0,0,0,1,1
MYSCIWORK,0,0,0,0,0,0,1,0,1,0,1,1,1,0,1,0,1,0,0,1,0,0,0,0,0,1,0,1,0,0,0,0,0,1,1,1,1,1,0,0,1,1,0,0,1,0,0,0,1,0,0,1,0,1,1,1,1,0,0,1,1,0,1,0,0,1,0,1,1,0,0,1,0,1,1,0,1,0,0,0,0,1,1,1,0,0,1,1,1,1,1,1,1,0,1,1,1,0,0,0,0,1,1,0,NA,1,0,0,1,1,0,1,0,0,0,1,1,0,1
PERRSCI,0,0,0,0,0,-1,0,0,1,0,0,0,0,0,1,0,0,0,0,0,0,0,0,0,0,0,0,0,0,0,1,0,0,0,0,1,1,0,0,0,0,0,0,0,0,0,0,0,0,0,0,0,0,0,0,0,0,-1,0,0,1,0,0,0,0,0,0,0,0,0,0,0,0,0,1,0,1,0,-1,0,-1,1,0,0,1,0,0,1,0,1,0,1,1,0,0,1,1,-1,0,0,-1,0,0,0,1,NA,-1,-1,-1,0,0,0,0,0,0,0,0,0,0
PUBLONS,0,0,0,0,0,0,0,0,0,1,0,0,0,1,0,1,0,0,0,1,1,0,0,0,1,0,0,0,1,0,0,0,0,0,0,0,0,0,0,0,0,0,0,0,0,0,0,1,0,0,0,0,1,0,0,0,0,0,0,1,-1,1,0,0,1,1,1,0,0,0,1,0,0,0,0,1,0,1,1,0,1,0,0,0,0,0,0,0,1,0,0,0,0,0,1,0,0,1,1,1,1,1,1,0,0,-1,NA,-1,-1,-1,0,0,0,1,0,1,0,1,1
PMCCOMMONS,0,0,0,0,0,1,0,0,0,0,0,1,0,0,0,0,1,0,1,0,0,0,0,0,1,0,0,0,0,1,0,0,0,0,0,0,0,0,0,0,1,1,1,1,0,0,0,0,0,1,0,0,0,0,0,0,0,1,0,0,0,0,0,0,0,0,0,0,0,0,1,1,0,1,0,0,0,0,1,1,1,0,0,1,0,1,1,0,0,0,0,0,1,1,0,0,0,0,0,0,0,0,0,0,0,-1,-1,NA,-1,-1,0,0,1,0,0,0,1,0,0
PUBPEER,0,0,0,0,0,1,0,0,0,0,0,0,0,0,0,0,0,0,0,1,0,0,0,0,0,0,0,0,0,0,0,0,0,0,0,0,0,0,0,0,0,0,0,0,0,0,0,0,0,0,0,0,0,0,0,0,0,1,0,0,0,0,0,0,0,0,0,0,0,0,0,0,0,0,0,0,0,0,1,0,1,1,0,0,0,0,0,0,1,0,0,0,1,0,0,0,0,0,0,0,0,0,0,0,1,-1,-1,-1,NA,0,0,0,0,1,0,0,1,0,0
PAPARCRIT,0,0,0,0,0,-1,1,0,0,0,1,0,0,0,0,0,0,0,0,0,0,0,0,0,0,0,0,0,0,0,0,0,0,1,0,0,0,0,0,1,1,0,0,0,0,0,0,0,0,0,0,0,0,1,0,1,0,0,0,0,1,0,1,0,0,0,0,1,1,0,0,0,0,0,1,0,1,0,-1,0,-1,1,0,0,0,0,0,1,0,0,0,0,1,0,0,1,0,0,0,0,0,1,0,0,1,0,-1,-1,0,NA,0,1,0,0,0,0,0,0,0
RUBRIQ,0,0,0,0,0,0,0,0,0,0,0,0,0,0,0,0,1,0,0,0,0,0,0,0,0,0,0,0,0,0,0,0,0,0,0,0,0,0,0,0,0,0,0,0,0,0,0,0,1,0,0,0,0,0,0,0,0,0,0,0,0,0,0,0,0,0,0,0,1,0,0,0,0,0,0,0,0,0,0,0,0,0,0,0,0,0,0,0,0,0,1,0,0,0,0,0,0,0,0,0,0,1,0,0,0,0,0,0,0,0,NA,1,0,0,0,0,0,0,0
KARMA,0,0,0,0,1,0,1,0,0,0,1,0,0,0,1,0,0,0,0,1,0,0,0,0,0,0,0,1,0,0,0,0,0,1,1,0,0,0,1,1,0,0,0,1,0,0,0,0,1,0,0,1,0,0,0,1,0,0,0,0,0,0,1,0,0,0,0,0,0,0,0,0,0,1,1,0,1,0,0,1,0,1,1,0,0,0,0,0,0,0,1,0,1,1,0,0,1,0,0,0,0,1,0,0,1,0,0,0,0,1,1,NA,0,0,0,1,0,0,0
JCRIFIMP,0,1,1,0,0,1,0,1,0,1,0,1,0,0,0,1,0,0,0,0,1,1,0,0,1,0,0,0,0,1,0,1,0,0,0,0,0,0,0,0,1,0,1,0,0,-1,0,0,0,1,0,0,0,0,0,0,0,1,1,0,0,1,0,0,0,0,0,0,0,0,1,0,-1,0,0,1,-1,1,1,1,1,0,0,0,0,0,0,0,0,0,0,0,0,0,0,0,0,0,0,1,1,0,1,0,0,0,0,1,0,0,0,0,NA,0,0,0,0,-1,0
ALTMETRIC,1,1,1,1,1,1,0,0,0,0,0,1,0,1,1,1,1,1,1,1,-1,-1,1,1,1,0,1,1,1,-1,-1,0,1,1,1,1,0,0,0,0,0,0,0,1,1,0,1,1,0,0,1,0,1,0,1,0,1,1,1,1,0,-1,0,1,1,1,1,0,0,0,0,1,0,1,1,1,0,-1,1,0,1,1,1,1,0,1,0,-1,1,1,0,0,0,1,0,0,0,1,1,0,1,1,1,1,0,0,1,0,1,0,0,0,0,NA,0,1,1,0,1
SCOPID,1,1,1,1,0,-1,0,0,1,1,0,1,0,1,1,0,0,1,0,0,1,1,0,0,0,0,1,0,-1,0,0,1,0,0,0,1,0,0,0,0,1,0,1,1,0,0,0,0,0,0,0,1,1,0,0,0,0,0,1,0,1,1,1,-1,1,0,0,0,0,0,-1,1,1,1,0,1,0,0,0,1,-1,0,0,0,0,1,0,0,0,0,0,0,1,0,1,0,0,0,1,1,1,1,1,0,0,0,0,0,0,0,0,0,0,0,NA,0,0,1,1
IMPSTOR,1,0,0,1,1,0,0,0,0,0,1,1,0,0,1,1,1,1,1,1,-1,-1,0,0,0,1,1,1,0,0,0,0,1,1,1,1,1,0,0,0,0,0,0,1,1,0,1,1,1,0,1,0,1,0,1,0,1,1,1,1,0,-1,1,1,1,1,1,0,0,0,0,1,0,1,1,1,1,-1,1,0,1,1,1,1,0,1,1,0,1,1,0,0,1,1,0,0,0,1,1,0,1,1,1,0,1,0,1,0,0,0,0,1,0,1,0,NA,1,0,1
PLOSALM,0,0,0,1,1,1,0,0,0,0,0,1,0,1,0,1,1,1,1,0,0,0,1,0,1,0,1,1,1,0,0,0,1,1,0,0,0,0,0,0,0,1,0,1,0,0,0,0,0,0,1,0,0,1,0,0,1,1,0,1,0,0,0,1,1,1,1,0,0,0,0,1,0,1,0,0,1,0,1,1,1,1,1,1,0,0,1,0,1,0,1,0,1,1,0,1,0,1,1,0,1,0,1,0,1,0,0,1,1,0,0,0,0,1,0,1,NA,0,1
WOSIMP,0,1,1,1,0,1,0,1,0,1,0,1,0,1,-1,1,0,1,0,0,1,0,1,0,1,0,1,0,1,0,1,1,0,0,0,0,0,0,0,0,0,0,0,0,0,0,0,0,0,1,0,0,1,0,0,0,0,0,1,0,-1,1,0,0,0,0,0,0,0,0,1,1,1,1,0,1,0,1,1,1,1,0,0,0,0,0,0,0,0,0,0,0,0,0,0,0,0,1,1,1,1,0,1,1,0,0,1,0,0,0,0,0,-1,0,1,0,0,NA,0
HARZPOP,1,0,1,0,1,-1,0,0,0,1,0,0,0,0,1,1,0,0,0,0,0,0,0,1,0,0,0,0,0,1,0,1,0,0,0,0,0,0,0,0,0,0,0,1,0,0,0,0,0,0,1,0,1,0,0,0,0,0,1,0,0,0,1,0,1,1,0,0,0,0,0,1,0,1,0,1,0,0,0,0,0,0,0,0,0,1,0,0,0,0,0,0,0,1,0,0,0,1,1,1,1,1,1,1,1,0,1,0,0,0,0,0,0,1,1,1,1,0,NA
